Country Name,Country Code,Series Name,Series Code,1990 [YR1990],2000 [YR2000],2006 [YR2006],2007 [YR2007],2008 [YR2008],2009 [YR2009],2010 [YR2010],2011 [YR2011],2012 [YR2012],2013 [YR2013],2014 [YR2014],2015 [YR2015]
United States,USA,"Population, total",SP.POP.TOTL,249623000,282162411,298379912,301231207,304093966,306771529,309347057,311721632,314112078,316497531,318857056,321191000
United States,USA,Population growth (annual %),SP.POP.GROW,1.12965052045579,1.11276899679534,0.964253917136075,0.951055242772428,0.945865287282592,0.876651298802912,0.836054311839923,0.764677599367843,0.763927409799426,0.756558207855926,0.742746143848123,..
United States,USA,Surface area (sq. km),AG.SRF.TOTL.K2,9629090,9632030,9632030,9632030,9831510,9831510,9831510,9831510,9831510,9831510,9831510,9831510
United States,USA,Population density (people per sq. km of land area),EN.POP.DNST,27.2545136128993,30.7973013298523,32.5673998463204,32.8786113609374,33.2436868537795,33.5363992251367,33.8179570851672,34.0775466743628,34.3388712882977,34.5996500652643,34.8575943818038,..
United States,USA,Poverty headcount ratio at national poverty lines (% of population),SI.POV.NAHC,..,..,..,..,..,..,..,..,..,..,..,..
United States,USA,Poverty headcount ratio at $1.90 a day (2011 PPP) (% of population),SI.POV.DDAY,..,..,..,..,..,..,..,..,..,..,..,..
United States,USA,"GNI, Atlas method (current US$)",NY.GNP.ATLS.CD,6029529322891.06,10178500697503.7,14345564947204.5,14651211130474,15002428215985,14740580035992.9,15143137264678.1,15727290871234.6,16501015978642.4,17001290051112.6,17611490812741.3,..
United States,USA,"GNI per capita, Atlas method (current US$)",NY.GNP.PCAP.CD,24150,36070,48080,48640,49330,48050,48950,50450,52530,53720,55230,..
United States,USA,"GNI, PPP (current international $)",NY.GNP.MKTP.PP.CD,5922924000000,10421259000000,14140770000000,14585723000000,14791194000000,14494460000000,15121133000000,15802898000000,16596084200000,17091161800000,17823200000000,..
United States,USA,"GNI per capita, PPP (current international $)",NY.GNP.PCAP.PP.CD,23730,36930,47390,48420,48640,47250,48880,50700,52830,54000,55900,..
United States,USA,Income share held by lowest 20%,SI.DST.FRST.20,..,5.37,..,4.67,..,..,5.09,..,..,5.1,..,..
United States,USA,"Life expectancy at birth, total (years)",SP.DYN.LE00.IN,75.2146341463415,76.6365853658537,77.6878048780488,77.9878048780488,78.0390243902439,78.390243902439,78.5414634146342,78.6414634146341,78.7414634146342,78.8414634146341,78.9414634146341,79.1583658536586
United States,USA,"Fertility rate, total (births per woman)",SP.DYN.TFRT.IN,2.081,2.056,2.108,2.12,2.072,2.002,1.931,1.8945,1.8805,1.8575,1.8615,1.881
United States,USA,"Adolescent fertility rate (births per 1,000 women ages 15-19)",SP.ADO.TFRT,57.0788,46.4526,40.3754,39.669,37.7398,35.8106,33.8814,31.9522,30.023,27.0666,24.1102,..
United States,USA,"Contraceptive prevalence, any methods (% of women ages 15-49)",SP.DYN.CONU.ZS,70.7,..,..,..,77.1,..,76.4,..,..,..,..,..
United States,USA,Births attended by skilled health staff (% of total),SH.STA.BRTC.ZS,..,..,..,..,..,..,99.2,..,..,..,..,..
United States,USA,"Mortality rate, under-5 (per 1,000)",SH.DYN.MORT,11.2,8.4,7.9,7.8,7.7,7.5,7.4,7.2,7.1,6.9,6.7,6.5
United States,USA,"Prevalence of underweight, weight for age (% of children under 5)",SH.STA.MALN.ZS,..,..,..,..,..,0.800000011920929,..,..,0.5,..,..,..
United States,USA,"Immunization, measles (% of children ages 12-23 months)",SH.IMM.MEAS,90,91,92,92,92,90,92,92,92,91,91,..
United States,USA,"Primary completion rate, both sexes (%)",SE.PRM.CMPT.ZS,..,..,..,..,..,..,..,..,..,..,..,..
United States,USA,"Gross enrollment ratio, primary, both sexes (%)",SE.PRM.ENRR,105.16212,102.52357,101.59885,102.7861,103.38163,102.33552,100.60182,99.89648,99.56441,99.42177,..,..
United States,USA,"Gross enrolment ratio, secondary, both sexes (%)",SE.SEC.ENRR,91.00752,93.17204,95.40375,96.07394,95.97542,95.41825,94.31131,94.67605,94.98032,95.92958,..,..
United States,USA,"Gross enrolment ratio, primary and secondary, gender parity index (GPI)",SE.ENR.PRSC.FM.ZS,1.00497,1.00012,1.00745,1.00754,1.00381,1.01385,1.00479,1.00869,0.9984,0.99954,..,..
United States,USA,"Prevalence of HIV, total (% of population ages 15-49)",SH.DYN.AIDS.ZS,..,..,..,..,..,..,..,..,..,..,..,..
United States,USA,Forest area (sq. km),AG.LND.FRST.K2,3024500,3035360,3055496,3063422,3071348,3079274,3087200,3089950,3092700,3095450,3098200,3100950
United States,USA,Terrestrial and marine protected areas (% of total territorial area),ER.PTD.TOTL.ZS,10.45,11.86,..,..,..,..,..,..,..,..,14.82,..
United States,USA,"Annual freshwater withdrawals, total (% of internal resources)",ER.H2O.FWTL.ZS,..,..,..,16.9765791341377,..,..,..,..,..,..,16.9765791341377,..
United States,USA,Improved water source (% of population with access),SH.H2O.SAFE.ZS,98.4,98.8,99,99,99,99.1,99.1,99.1,99.1,99.2,99.2,99.2
United States,USA,Improved sanitation facilities (% of population with access),SH.STA.ACSN,99.5,99.7,99.9,99.9,99.9,99.9,99.9,100,100,100,100,100
United States,USA,Urban population growth (annual %),SP.URB.GROW,1.41025628541903,1.51201139138713,1.17796815968651,1.16306776101756,1.15618567133535,1.08529029428822,1.04178246340233,0.972454437935826,0.97127334416914,0.96470556997036,0.95168892070132,..
United States,USA,Energy use (kg of oil equivalent per capita),EG.USE.PCAP.KG.OE,7671.7730657832,8056.86384994775,7697.65253500041,7758.16570027554,7488.08163789741,7056.77721481122,7161.51259845346,7029.18418892405,6812.28454386272,6914.31218463439,6918.518535152,..
United States,USA,CO2 emissions (metric tons per capita),EN.ATM.CO2E.PC,19.3233681671961,20.2076147591466,19.1161388237155,19.2374604467856,18.4892337521751,17.192379097866,17.4847921827813,17.0202163384029,..,..,..,..
United States,USA,Electric power consumption (kWh per capita),EG.USE.ELEC.KH.PC,11713.3317042099,13671.0520240061,13583.2669593387,13657.4495085431,13663.4246797255,12913.7114285466,13394.0146067076,13240.3579870902,12954.1532624543,12985.3777595504,..,..
United States,USA,GDP at market prices (current US$),NY.GDP.MKTP.CD,5979589000000,10284779000000,13855888000000,14477635000000,14718582000000,14418739000000,14964372000000,15517926000000,16163158000000,16768053000000,17419000000000,..
United States,USA,GDP growth (annual %),NY.GDP.MKTP.KD.ZG,1.91937029742549,4.09217644881066,2.666625826122,1.77857023965289,-0.291621458693953,-2.77552957416808,2.53192061616315,1.60145467247139,2.32108445977606,2.21930802533575,2.38819999999969,..
United States,USA,"Inflation, GDP deflator (annual %)",NY.GDP.DEFL.KD.ZG,3.69915670345064,2.27551980515122,3.07226662502413,2.66133639357713,1.96161238330106,0.759434764489896,1.22134939747505,2.0646274665789,1.79522517543293,1.49005386948258,1.45902231854427,..
United States,USA,"Agriculture, value added (% of GDP)",NV.AGR.TOTL.ZS,..,1.17402070367038,1.04360604889818,1.07073429728857,1.14088012979611,1.0417339637032,1.16336446820417,1.36233515615426,1.29263554024038,1.44578894675602,..,..
United States,USA,"Industry, value added (% of GDP)",NV.IND.TOTL.ZS,..,23.2146498328529,22.3752556055131,22.1885982696399,21.6365599660578,20.1505932039391,20.3294435155691,20.5566339393422,20.5603064237057,20.5020346268285,..,..
United States,USA,"Services, etc., value added (% of GDP)",NV.SRV.TETC.ZS,..,75.6113294634768,76.5811383455887,76.7406674330715,77.2225599041461,78.8076728323577,78.5071920162267,78.0810309045036,78.1470580360539,78.0521764264155,..,..
United States,USA,Exports of goods and services (% of GDP),NE.EXP.GNFS.ZS,9.22929652857412,10.664643353056,10.6547916669072,11.4979069440554,12.5143984658305,11.0116564284852,12.3783009403936,13.5737920131853,13.5999555284926,13.4974149950504,13.4445146104828,..
United States,USA,Imports of goods and services (% of GDP),NE.IMP.GNFS.ZS,10.5313090916449,14.3185381037356,16.218830579462,16.4610241935233,17.4270116509865,13.7541708744433,15.8041513536285,17.3113726666824,17.09965404038,16.5293680786911,16.4871691830759,..
United States,USA,Gross capital formation (% of GDP),NE.GDI.TOTL.ZS,21.4699940079494,23.5689254966004,23.333014816517,22.351352966144,20.7862435389496,17.5129329964292,18.3945975146835,18.5447559164801,19.3411448431055,19.4256357610511,19.8398300706126,..
United States,USA,"Revenue, excluding grants (% of GDP)",GC.REV.XGRT.GD.ZS,18.1557631447914,20.5084624389498,18.537461500959,18.6139516626852,17.2633485420267,15.6609394820449,10.0128491860534,10.909930876072,11.0386967695298,12.3899178992337,19.1275049855904,..
United States,USA,Cash surplus/deficit (% of GDP),GC.BAL.CASH.GD.ZS,-3.65643765282196,2.22629946549167,-3.51122233643921,-3.86107894334952,-6.78704495767323,-11.8042776479691,-6.82863938426551,-5.33501061933148,-3.78090098481992,-1.41966989250332,-5.06502118780642,..
United States,USA,Time required to start a business (days),IC.REG.DURS,..,..,..,..,..,..,..,..,..,6.2,5.6,5.6
United States,USA,Domestic credit provided by financial sector (% of GDP),FS.AST.DOMS.GD.ZS,145.220750369523,190.962274914862,226.322290507345,235.717661211779,216.762890895141,231.36073982309,227.134149308582,227.223274352285,235.054084266205,..,253.501718336755,..
United States,USA,Tax revenue (% of GDP),GC.TAX.TOTL.GD.ZS,10.4365033516518,12.9281340861481,11.4485629477375,11.4907575805579,10.0304496571749,8.21403340749839,8.61080571907729,9.58908426293565,9.81629951275611,10.5331429951945,11.7426373169528,..
United States,USA,Military expenditure (% of GDP),MS.MIL.XPND.GD.ZS,5.12025157581901,2.93343201638071,3.80820052817979,3.84704407867721,4.22004646915036,4.63679244072592,4.66561510232437,4.58397597720211,4.23667206618905,3.81501656751681,3.50142947356335,..
United States,USA,Mobile cellular subscriptions (per 100 people),IT.CEL.SETS.P2,2.07580236597907,38.4680910528825,76.2935384187826,82.0641447853526,85.2091651682425,88.6236461127594,91.311652018589,94.4404259641603,96.0103760924709,97.0777393917782,110.20419345959,..
United States,USA,Internet users (per 100 people),IT.NET.USER.P2,0.784728502202794,43.0791626375201,68.9311932699721,75,74,71,71.69,69.7294607619268,79.3,84.2,87.36,..
United States,USA,High-technology exports (% of manufactured exports),TX.VAL.TECH.MF.ZS,32.5299673313318,33.7876105780024,30.0569992880515,27.222664596901,25.9203321683644,21.4876897855956,19.9680138524787,18.1056830408946,17.776885094684,17.818696866679,18.229382922769,..
United States,USA,Overall level of statistical capacity (scale 0 - 100),IQ.SCI.OVRL,..,..,..,..,..,..,..,..,..,..,..,..
United States,USA,Merchandise trade (% of GDP),TG.VAL.TOTL.GD.ZS,15.2281201935451,19.8469796968899,21.2476024632994,21.8861851400453,23.4868352127943,18.4574996468138,21.7027410171306,24.156140356643,24.0189882447477,23.3101171614856,23.1533321296917,..
United States,USA,Net barter terms of trade index (2000 = 100),TT.PRI.MRCH.XD.WD,102.7027027027,100,95.9542851903,96.5617369463,91.8123575854,98.9534362733,97.1080409218,94.6125681108,94.6867358812,95.3387481315,95.8862361848,..
United States,USA,"External debt stocks, total (DOD, current US$)",DT.DOD.DECT.CD,..,..,..,..,..,..,..,..,..,..,..,..
United States,USA,"Total debt service (% of exports of goods, services and primary income)",DT.TDS.DECT.EX.ZS,..,..,..,..,..,..,..,..,..,..,..,..
United States,USA,Net migration,SM.POP.NETM,..,..,..,5070253,..,..,..,..,5007887,..,..,..
United States,USA,"Personal remittances, received (current US$)",BX.TRF.PWKR.CD.DT,1170000000,4395000000,5068000000,5219000000,5364000000,5740000000,5930000000,6104000000,6303000000,6757000000,6908000000,..
United States,USA,"Foreign direct investment, net inflows (BoP, current US$)",BX.KLT.DINV.CD.WD,48490000000,321274000000,294288000000,340065000000,332734000000,153788000000,259344000000,257410000000,232001000000,287162000000,131829000000,..
United States,USA,Net official development assistance and official aid received (current US$),DT.ODA.ALLD.CD,..,..,..,..,..,..,..,..,..,..,..,..
Argentina,ARG,"Population, total",SP.POP.TOTL,32729740,37057453,39558750,39969903,40381860,40798641,41222875,41655616,42095224,42538304,42980026,43417000
Argentina,ARG,Population growth (annual %),SP.POP.GROW,1.43457557064208,1.11091620450466,1.0501665291824,1.03398372181811,1.02539283308112,1.02680978008519,1.03445486935138,1.04428767328593,1.04980926143269,1.04706505456002,1.03305555285726,..
Argentina,ARG,Surface area (sq. km),AG.SRF.TOTL.K2,2780400,2780400,2780400,2780400,2780400,2780400,2780400,2780400,2780400,2780400,2780400,2780400
Argentina,ARG,Population density (people per sq. km of land area),EN.POP.DNST,11.9596081397601,13.5409757773076,14.4549620161582,14.605199346656,14.7557304627123,14.9080242921193,15.063041484421,15.2211671764065,15.3818021040015,15.5437057174908,15.7051131110941,..
Argentina,ARG,Poverty headcount ratio at national poverty lines (% of population),SI.POV.NAHC,..,..,..,..,..,..,..,..,..,..,..,..
Argentina,ARG,Poverty headcount ratio at $1.90 a day (2011 PPP) (% of population),SI.POV.DDAY,..,5.7,4.12,3.49,2.97,3.05,2.05,1.53,1.63,1.75,..,..
Argentina,ARG,"GNI, Atlas method (current US$)",NY.GNP.ATLS.CD,103869964076.715,275544319823.424,243362392826.934,292289649030.303,346268245506.721,373600970526.567,432225147588.688,493237294578.028,549867585793.162,600110634147.21,579220056948.799,..
Argentina,ARG,"GNI per capita, Atlas method (current US$)",NY.GNP.PCAP.CD,3170,7440,6150,7310,8570,9160,10490,11840,13060,14110,13480,..
Argentina,ARG,"GNI, PPP (current international $)",NY.GNP.MKTP.PP.CD,..,..,..,..,..,..,..,..,..,..,..,..
Argentina,ARG,"GNI per capita, PPP (current international $)",NY.GNP.PCAP.PP.CD,..,..,..,..,..,..,..,..,..,..,..,..
Argentina,ARG,Income share held by lowest 20%,SI.DST.FRST.20,..,3.19,3.58,3.86,3.93,3.93,4.36,4.58,4.73,4.75,..,..
Argentina,ARG,"Life expectancy at birth, total (years)",SP.DYN.LE00.IN,71.5436585365854,73.7558048780488,74.8499024390244,75.0090487804878,75.1662682926829,75.3245609756098,75.4849756097561,75.6490487804878,75.816243902439,75.9860975609756,76.1586097560976,76.3342195121951
Argentina,ARG,"Fertility rate, total (births per woman)",SP.DYN.TFRT.IN,2.989,2.561,2.432,2.413,2.396,2.382,2.37,2.358,2.347,2.335,2.322,2.308
Argentina,ARG,"Adolescent fertility rate (births per 1,000 women ages 15-19)",SP.ADO.TFRT,73.2812,66.8976,61.4612,60.586,61.264,61.942,62.62,63.298,63.976,63.9136,63.8512,..
Argentina,ARG,"Contraceptive prevalence, any methods (% of women ages 15-49)",SP.DYN.CONU.ZS,..,..,..,..,..,..,..,..,55.4,76.6,..,..
Argentina,ARG,Births attended by skilled health staff (% of total),SH.STA.BRTC.ZS,..,..,99.4,99.4,94.8,97.9,94.97,97.14,98.2,97.04,..,..
Argentina,ARG,"Mortality rate, under-5 (per 1,000)",SH.DYN.MORT,27.6,20.2,16.4,15.8,15.4,15,14.6,14.2,13.8,13.3,12.9,12.5
Argentina,ARG,"Prevalence of underweight, weight for age (% of children under 5)",SH.STA.MALN.ZS,..,..,..,..,..,..,..,..,..,..,..,..
Argentina,ARG,"Immunization, measles (% of children ages 12-23 months)",SH.IMM.MEAS,93,91,97,94,96,99,98,95,94,94,95,..
Argentina,ARG,"Primary completion rate, both sexes (%)",SE.PRM.CMPT.ZS,..,98.49374,99.1302,101.84921,105.08731,104.98727,104.80879,104.41399,103.22477,100.87737,..,..
Argentina,ARG,"Gross enrollment ratio, primary, both sexes (%)",SE.PRM.ENRR,106.56157,113.21109,112.98489,113.29078,113.21364,112.02405,110.83512,108.3549,112.97826,110.56599,..,..
Argentina,ARG,"Gross enrolment ratio, secondary, both sexes (%)",SE.SEC.ENRR,71.15185,86.39855,83.90087,83.75379,84.84822,87.53422,89.24981,90.67163,105.19255,106.32314,..,..
Argentina,ARG,"Gross enrolment ratio, primary and secondary, gender parity index (GPI)",SE.ENR.PRSC.FM.ZS,..,1.00814,1.04089,1.04552,1.0511,1.04461,1.03869,1.0393,1.03367,1.03008,..,..
Argentina,ARG,"Prevalence of HIV, total (% of population ages 15-49)",SH.DYN.AIDS.ZS,0.1,0.3,0.4,0.4,0.4,0.4,0.4,0.5,0.5,0.5,0.5,..
Argentina,ARG,Forest area (sq. km),AG.LND.FRST.K2,347930,318600,298680,295500,292320,289140,285960,282992,280024,277056,274088,271120
Argentina,ARG,Terrestrial and marine protected areas (% of total territorial area),ER.PTD.TOTL.ZS,3.25,4.28,..,..,..,..,..,..,..,..,5.37,..
Argentina,ARG,"Annual freshwater withdrawals, total (% of internal resources)",ER.H2O.FWTL.ZS,..,..,..,..,..,..,..,..,12.9383561643836,..,12.9383561643836,..
Argentina,ARG,Improved water source (% of population with access),SH.H2O.SAFE.ZS,93.8,96.3,97.5,97.7,97.9,98.1,98.2,98.4,98.6,98.8,98.9,99.1
Argentina,ARG,Improved sanitation facilities (% of population with access),SH.STA.ACSN,87.4,91.4,93.5,93.9,94.2,94.5,94.9,95.2,95.5,95.8,96.1,96.4
Argentina,ARG,Urban population growth (annual %),SP.URB.GROW,1.86200409285755,1.32428748150993,1.25199592185262,1.23209156626324,1.22089953243591,1.21753086673578,1.2226130999074,1.22770693761002,1.22741303170623,1.21888727519024,1.19912436653272,..
Argentina,ARG,Energy use (kg of oil equivalent per capita),EG.USE.PCAP.KG.OE,1407.56437417468,1661.60550753448,1841.98580592157,1846.93675638893,1924.37262671903,1852.32314478318,1909.7257044784,1918.5063785877,1906.62981149596,1894.6178719302,..,..
Argentina,ARG,CO2 emissions (metric tons per capita),EN.ATM.CO2E.PC,3.44071080308001,3.80697572496415,4.40452504186811,4.49683365506291,4.74417840089585,4.42796011269101,4.34227205162182,4.56204851225823,..,..,..,..
Argentina,ARG,Electric power consumption (kWh per capita),EG.USE.ELEC.KH.PC,1299.55202821654,2078.2863841182,2357.96126015104,2438.00941923727,2752.12682130046,2708.98729200318,2847.3268785838,2901.36148748827,2954.53945084126,3093.353228187,..,..
Argentina,ARG,GDP at market prices (current US$),NY.GDP.MKTP.CD,141352368714.691,284203750000,262666517346.674,329317513142.711,403781994527.786,376627876887.774,461640242696.171,557890203658.125,604378456915.58,614383517369.503,537659972702.092,..
Argentina,ARG,GDP growth (annual %),NY.GDP.MKTP.KD.ZG,-2.39895921890113,-0.788998929008571,8.40286856609245,7.96557324797851,3.07494550317222,0.0500244563851311,9.45157833146635,8.38645145563733,0.801760179229973,2.88535188297459,0.45360547903708,..
Argentina,ARG,"Inflation, GDP deflator (annual %)",NY.GDP.DEFL.KD.ZG,2076.79347310304,1.03728709049842,15.2424334139013,17.6789209711745,21.2456715033139,9.88504085289779,17.2105724723852,17.7976859991023,18.6664479868475,19.7124714130445,29.3413646026982,..
Argentina,ARG,"Agriculture, value added (% of GDP)",NV.AGR.TOTL.ZS,8.12367620787489,5.05302148878072,7.69751662601912,8.78110692834489,7.22788615986988,6.23480527117392,8.1751316089792,7.49246451037583,6.69742129890321,7.38458996809024,8.31352404775114,..
Argentina,ARG,"Industry, value added (% of GDP)",NV.IND.TOTL.ZS,36.0218813478135,28.0630654161225,35.1118287848407,33.6056463181111,33.119082506802,31.7352863757781,30.9040009435871,31.1276449786328,29.7894829871528,28.7862622554011,28.7613473734568,..
Argentina,ARG,"Services, etc., value added (% of GDP)",NV.SRV.TETC.ZS,55.8544476443929,66.8839130950968,57.1906545891401,57.6132467535441,59.6530312436525,62.029908353048,60.9208672562218,61.3798904106876,63.513095713944,63.8291477420591,62.9251285868245,..
Argentina,ARG,Exports of goods and services (% of GDP),NE.EXP.GNFS.ZS,10.3595365925264,10.986396203428,20.3417303814157,19.7528793307249,19.7291019231999,17.2651359184321,17.3676375596372,17.5637162059635,15.4803096289206,14.3239961102769,14.7857287974793,..
Argentina,ARG,Imports of goods and services (% of GDP),NE.IMP.GNFS.ZS,4.63132240741775,11.6361061386417,15.5525939652822,16.1087501646024,16.5413533266536,12.9176898303401,14.8447403469592,16.007843780573,13.7160134417612,14.3958491202542,14.4918513486447,..
Argentina,ARG,Gross capital formation (% of GDP),NE.GDI.TOTL.ZS,13.9969815756662,16.1926962610451,20.889283248171,22.2494001624083,21.0233159913108,16.147267633988,19.0978925655273,19.7372031208144,17.0086349926182,18.548058562924,19.5433704918752,..
Argentina,ARG,"Revenue, excluding grants (% of GDP)",GC.REV.XGRT.GD.ZS,..,..,..,..,..,..,..,..,..,..,..,..
Argentina,ARG,Cash surplus/deficit (% of GDP),GC.BAL.CASH.GD.ZS,..,..,..,..,..,..,..,..,..,..,..,..
Argentina,ARG,Time required to start a business (days),IC.REG.DURS,..,..,30,30,30.5,25.5,25,25,25,25,25,25
Argentina,ARG,Domestic credit provided by financial sector (% of GDP),FS.AST.DOMS.GD.ZS,32.4207077674654,34.4516920194227,24.9396557987575,22.554634682124,19.6649907459552,22.689342557896,23.2463807359376,24.9436648068636,29.1885818606078,32.6180833658115,35.624443926219,..
Argentina,ARG,Tax revenue (% of GDP),GC.TAX.TOTL.GD.ZS,..,..,..,..,..,..,..,..,..,..,..,..
Argentina,ARG,Military expenditure (% of GDP),MS.MIL.XPND.GD.ZS,1.45091554117098,1.14882368723143,0.697879247367395,0.691981964580775,0.682994134877242,0.783761711581476,0.747778636335571,0.720326045917766,0.748596481666467,0.823482588736399,0.90853541344597,..
Argentina,ARG,Mobile cellular subscriptions (per 100 people),IT.CEL.SETS.P2,0.0367817512490623,17.5810590485609,80.8188264138509,102.721528270687,117.221183351189,131.129449217276,141.383021999383,149.090622449436,156.56475598674,162.527421663231,158.798561112357,..
Argentina,ARG,Internet users (per 100 people),IT.NET.USER.P2,0,7.0386830862178,20.9272021035896,25.9466329403819,28.1126234799907,34,45,51,55.8,59.9,64.7,..
Argentina,ARG,High-technology exports (% of manufactured exports),TX.VAL.TECH.MF.ZS,..,9.35185630557545,7.05418221980282,6.59445029079414,9.01736918631716,8.68693306584071,7.50483414393967,7.48073935864493,7.69544073664613,9.84358697736032,6.67573546182271,..
Argentina,ARG,Overall level of statistical capacity (scale 0 - 100),IQ.SCI.OVRL,..,..,88.8888888888889,85.5555555555555,86.6666666666667,87.7777777777778,86.6666666666667,85.5555555555555,85.5555555555555,76.6666666666667,83.3333333333333,95.5555666666667
Argentina,ARG,Merchandise trade (% of GDP),TG.VAL.TOTL.GD.ZS,11.6227270539489,18.1190431160743,30.7226062975864,30.5130447029869,31.5714919752886,25.0799013552962,27.0729863735592,28.3873778319738,24.5320623697727,25.2799099599851,25.5366229533467,..
Argentina,ARG,Net barter terms of trade index (2000 = 100),TT.PRI.MRCH.XD.WD,63.5593220339,100,121.9867318647,136.0798619957,169.9395313215,141.3192754205,148.735231645,175.4203564847,177.9632240419,174.0257502555,170.2755483564,..
Argentina,ARG,"External debt stocks, total (DOD, current US$)",DT.DOD.DECT.CD,..,..,..,..,..,..,..,..,..,..,..,..
Argentina,ARG,"Total debt service (% of exports of goods, services and primary income)",DT.TDS.DECT.EX.ZS,..,..,..,..,..,..,..,..,..,..,..,..
Argentina,ARG,Net migration,SM.POP.NETM,..,..,..,-84998,..,..,..,..,30000,..,..,..
Argentina,ARG,"Personal remittances, received (current US$)",BX.TRF.PWKR.CD.DT,22840000.15,86343658.45,541300000,606430000,697560000,620589349.925834,639005839.557192,697697825.129916,575889669.49566,534766019.93844,502077244.396272,..
Argentina,ARG,"Foreign direct investment, net inflows (BoP, current US$)",BX.KLT.DINV.CD.WD,1836000000,10418314339.1428,5537340000,6473150000,9725560000,4017158924.88408,7845718626.43446,10719930944.6815,15323933916.8241,8916661858.15874,6055282710.78072,..
Argentina,ARG,Net official development assistance and official aid received (current US$),DT.ODA.ALLD.CD,168740000,52490000,115080000,101340000,130580000,126730000,121040000,88700000,179500000,32500000,49190000,..
Ecuador,ECU,"Population, total",SP.POP.TOTL,10218085,12628596,13967490,14205479,14447600,14691310,14934692,15177280,15419493,15661312,15902916,16144000
Ecuador,ECU,Population growth (annual %),SP.POP.GROW,2.3838658719824,1.83728637652126,1.67682758446052,1.68952488553959,1.6900575540007,1.67278517216528,1.64306662368325,1.61127440195003,1.58329154406498,1.55609791681243,1.53090212522316,..
Ecuador,ECU,Surface area (sq. km),AG.SRF.TOTL.K2,283560,256370,256370,256370,256370,256370,256370,256370,256370,256370,256370,256370
Ecuador,ECU,Population density (people per sq. km of land area),EN.POP.DNST,36.9097131917353,50.8479465292318,56.2388870993719,57.1971291673377,58.1720083749396,59.1532855532292,60.1332420679659,61.1100016105653,62.0852512481881,63.0589144789821,64.0317120309228,..
Ecuador,ECU,Poverty headcount ratio at national poverty lines (% of population),SI.POV.NAHC,..,64.4,37.6,36.7,35.1,36,32.8,28.6,27.3,25.6,22.5,..
Ecuador,ECU,Poverty headcount ratio at $1.90 a day (2011 PPP) (% of population),SI.POV.DDAY,..,28.15,9.31,10.06,8.96,8.92,7.05,5.86,5.87,4.43,..,..
Ecuador,ECU,"GNI, Atlas method (current US$)",NY.GNP.ATLS.CD,14025773097.3235,19446095329.8549,43594533525.1645,47259892770.7353,56063528204.6426,60038263365.0443,65928948839.9371,74303854391.0332,83362698958.1087,90957824901.0346,96845062541.7914,..
Ecuador,ECU,"GNI per capita, Atlas method (current US$)",NY.GNP.PCAP.CD,1370,1540,3120,3330,3880,4090,4410,4900,5410,5810,6090,..
Ecuador,ECU,"GNI, PPP (current international $)",NY.GNP.MKTP.PP.CD,45427351048.3935,68254141933.2252,108857295248.127,114259453670.174,125892568654.331,127932516716.201,134801235759.413,148271016983.175,159619568934.468,169396518569.245,178024753508.118,..
Ecuador,ECU,"GNI per capita, PPP (current international $)",NY.GNP.PCAP.PP.CD,4450,5400,7790,8040,8710,8710,9030,9770,10350,10820,11190,..
Ecuador,ECU,Income share held by lowest 20%,SI.DST.FRST.20,..,3.05,3.57,3.31,3.72,3.95,4.1,4.38,4.3,4.56,..,..
Ecuador,ECU,"Life expectancy at birth, total (years)",SP.DYN.LE00.IN,68.9953658536586,72.9441707317073,74.3202195121951,74.4950243902439,74.6678292682927,74.8446097560976,75.0298048780488,75.2264390243903,75.433,75.648512195122,75.872487804878,76.1029268292683
Ecuador,ECU,"Fertility rate, total (births per woman)",SP.DYN.TFRT.IN,3.767,3.027,2.763,2.736,2.71,2.684,2.656,2.628,2.599,2.571,2.542,2.513
Ecuador,ECU,"Adolescent fertility rate (births per 1,000 women ages 15-19)",SP.ADO.TFRT,86.7772,83.2328,82.9112,83.011,81.8738,80.7366,79.5994,78.4622,77.325,76.7488,76.1726,..
Ecuador,ECU,"Contraceptive prevalence, any methods (% of women ages 15-49)",SP.DYN.CONU.ZS,..,..,..,..,..,..,..,..,80.1,..,..,..
Ecuador,ECU,Births attended by skilled health staff (% of total),SH.STA.BRTC.ZS,..,..,..,..,..,..,..,90.5,..,..,93.7,..
Ecuador,ECU,"Mortality rate, under-5 (per 1,000)",SH.DYN.MORT,56.9,34.4,28.3,27.5,26.8,26,25.2,24.5,23.7,23,22.3,21.6
Ecuador,ECU,"Prevalence of underweight, weight for age (% of children under 5)",SH.STA.MALN.ZS,..,..,..,..,..,..,..,..,6.40000009536743,..,..,..
Ecuador,ECU,"Immunization, measles (% of children ages 12-23 months)",SH.IMM.MEAS,60,99,97,98,98,97,95,94,96,97,85,..
Ecuador,ECU,"Primary completion rate, both sexes (%)",SE.PRM.CMPT.ZS,..,96.84329,100.61106,100.60688,..,..,100.86143,107.93887,111.85759,112.88042,112.56042,..
Ecuador,ECU,"Gross enrollment ratio, primary, both sexes (%)",SE.PRM.ENRR,123.52008,111.32613,111.63374,112.93363,..,110.77579,115.61833,117.19892,116.9833,115.82084,113.27226,..
Ecuador,ECU,"Gross enrolment ratio, secondary, both sexes (%)",SE.SEC.ENRR,58.34104,57.84692,64.19695,65.91542,..,..,83.51436,83.46509,85.45839,102.06477,104.20374,..
Ecuador,ECU,"Gross enrolment ratio, primary and secondary, gender parity index (GPI)",SE.ENR.PRSC.FM.ZS,..,1.00151,1.00145,1.0021,..,..,1.00535,1.005,1.00664,1.02513,1.02019,..
Ecuador,ECU,"Prevalence of HIV, total (% of population ages 15-49)",SH.DYN.AIDS.ZS,0.1,0.4,0.4,0.3,0.3,0.3,0.3,0.3,0.3,0.3,0.3,..
Ecuador,ECU,Forest area (sq. km),AG.LND.FRST.K2,146308.5,137289.2,132565,131777.6,130990.3,130202.9,129415.6,128628.2,127840.8,127053.5,126266.1,125478.8
Ecuador,ECU,Terrestrial and marine protected areas (% of total territorial area),ER.PTD.TOTL.ZS,14.64,15.31,..,..,..,..,..,..,..,..,15.43,..
Ecuador,ECU,"Annual freshwater withdrawals, total (% of internal resources)",ER.H2O.FWTL.ZS,..,..,..,2.24186256781194,..,..,..,..,..,..,2.24186256781194,..
Ecuador,ECU,Improved water source (% of population with access),SH.H2O.SAFE.ZS,73.8,79.7,82.8,83.3,83.9,84.4,84.9,85.4,85.9,86.4,86.9,86.9
Ecuador,ECU,Improved sanitation facilities (% of population with access),SH.STA.ACSN,57,69.7,76.4,77.4,78.5,79.6,80.7,81.7,82.8,83.8,84.7,84.7
Ecuador,ECU,Urban population growth (annual %),SP.URB.GROW,3.79512513001909,2.67496375921641,1.99393360688841,2.00724294875283,2.00515879693297,1.98529371552001,1.95460337715128,1.92185539908213,1.90558079554966,1.88840815626349,1.87471455240757,..
Ecuador,ECU,Energy use (kg of oil equivalent per capita),EG.USE.PCAP.KG.OE,619.492595726107,698.076254874255,786.770421886824,833.203582927404,854.271782164512,895.87218566622,919.42244272597,934.377635518354,943.754895183648,979.754761286922,..,..
Ecuador,ECU,CO2 emissions (metric tons per capita),EN.ATM.CO2E.PC,1.6475882711878,1.65831870779618,2.06617581254757,2.20399790813108,2.06452130457654,2.355257087353,2.29330340391352,2.35401738651458,..,..,..,..
Ecuador,ECU,Electric power consumption (kWh per capita),EG.USE.ELEC.KH.PC,481.303492777756,637.521384008167,868.158846005975,958.925777863598,1083.98626761538,1111.20111140531,1143.77986502835,1217.34592759704,1281.55964661095,1333.1577839711,..,..
Ecuador,ECU,GDP at market prices (current US$),NY.GDP.MKTP.CD,15239278100.3502,18327764882.4412,46802044000,51007777000,61762635000,62519686000,69555367000,79276664000,87924544000,94776170000,100917372000,..
Ecuador,ECU,GDP growth (annual %),NY.GDP.MKTP.KD.ZG,3.6799140527842,1.09180156435758,4.40352643383186,2.19006397224541,6.3571305999083,0.566491592100093,3.52529866894027,7.86814091910996,5.641962066712,4.55357553062048,3.67498213973248,..
Ecuador,ECU,"Inflation, GDP deflator (annual %)",NY.GDP.DEFL.KD.ZG,5.81362920255557,-7.7140667636792,8.00091082171883,6.65050227293493,13.8473188994265,0.655537559193846,7.46507996966288,5.66265674725217,4.98525306124122,3.09797623575672,2.70528896360955,..
Ecuador,ECU,"Agriculture, value added (% of GDP)",NV.AGR.TOTL.ZS,21.4276195372751,16.3373932639198,9.89546588234073,9.83719474362289,9.29867023676652,10.5030012315026,10.1803924422845,9.94489340765022,9.06170876798083,9.05262979267613,9.12929963478604,..
Ecuador,ECU,"Industry, value added (% of GDP)",NV.IND.TOTL.ZS,29.8717669237361,35.6533664508589,35.6419974521063,36.2317044479671,39.3276360448747,34.3437828183574,36.3198964322417,38.9821824870749,39.5870126242707,39.1501166923896,39.094331674085,..
Ecuador,ECU,"Services, etc., value added (% of GDP)",NV.SRV.TETC.ZS,48.7006135389889,48.0092402852212,54.462536665553,53.93110080841,51.3736937183588,55.15321595014,53.4997111254738,51.0729241052749,51.3512786077485,51.7972535149342,51.776368691129,..
Ecuador,ECU,Exports of goods and services (% of GDP),NE.EXP.GNFS.ZS,22.7643720219304,32.1275352850362,30.3330747691276,31.9317679733426,34.1636395532671,25.2491079369784,27.8949559708311,31.121199802252,30.164809271004,29.169331278105,28.5692556480761,..
Ecuador,ECU,Imports of goods and services (% of GDP),NE.IMP.GNFS.ZS,21.8305402720974,27.3371640115967,29.3767084189742,30.6553704545877,33.8933078227637,26.8557410860957,32.4082827425812,33.3690390907468,31.5863031373811,31.5206544007845,30.1065856134264,..
Ecuador,ECU,Gross capital formation (% of GDP),NE.GDI.TOTL.ZS,24.0720030162869,21.2787210115008,22.4598139346222,22.7048279324151,26.387507592576,25.6392650468526,28.0373130660068,28.1423988779346,27.7958359385975,28.7624916685281,28.6391048708641,..
Ecuador,ECU,"Revenue, excluding grants (% of GDP)",GC.REV.XGRT.GD.ZS,9.78205515464083,..,..,..,..,..,..,..,..,..,..,..
Ecuador,ECU,Cash surplus/deficit (% of GDP),GC.BAL.CASH.GD.ZS,1.96954130630352,..,..,..,..,..,..,..,..,..,..,..
Ecuador,ECU,Time required to start a business (days),IC.REG.DURS,..,..,65,65,65,64,56,55.5,55.5,55.5,55.5,50.5
Ecuador,ECU,Domestic credit provided by financial sector (% of GDP),FS.AST.DOMS.GD.ZS,10.5289145177307,30.5826847803498,18.9608599145798,21.5387743716022,20.591721839588,19.8151474433189,24.0080659368816,24.9987231778572,27.920142845438,29.5625367209922,31.6785993991203,..
Ecuador,ECU,Tax revenue (% of GDP),GC.TAX.TOTL.GD.ZS,9.58510102401048,..,..,..,..,..,..,..,..,..,..,..
Ecuador,ECU,Military expenditure (% of GDP),MS.MIL.XPND.GD.ZS,1.32615781291104,1.45207595274333,2.02982587683564,2.56823582019659,2.66504173599459,3.11741808812028,3.01055129218138,3.09511005659875,2.94545286467451,2.95825944433079,2.89575416212781,..
Ecuador,ECU,Mobile cellular subscriptions (per 100 people),IT.CEL.SETS.P2,0,3.84751976907206,60.505923519965,69.6642867450352,80.5137495502123,89.735548395736,98.531158306553,100.565599366831,106.225532949865,105.644477610006,103.899164782894,..
Ecuador,ECU,Internet users (per 100 people),IT.NET.USER.P2,0,1.46218853556457,7.2,10.8,18.8,24.6,29.03,31.3668083587433,35.1351464545516,40.3536842279418,43,..
Ecuador,ECU,High-technology exports (% of manufactured exports),TX.VAL.TECH.MF.ZS,0.319342187015956,5.61649451285618,7.8745687889324,6.1678972614159,4.18127617300532,4.01953124682266,8.42720362212896,3.22865511569944,2.47843358096985,4.35649672773313,4.7598085484938,..
Ecuador,ECU,Overall level of statistical capacity (scale 0 - 100),IQ.SCI.OVRL,..,..,86.6666666666667,86.6666666666667,84.4444444444444,84.4444444444444,82.2222222222222,82.2222222222222,71.1111111111111,70,70,72.2222666666667
Ecuador,ECU,Merchandise trade (% of GDP),TG.VAL.TOTL.GD.ZS,30.0211071014897,47.1852408379876,53.0780236863159,55.3140377005648,60.9919834216918,46.3101238224389,54.7488635923666,58.9832627165038,56.0045292927536,54.859737421337,52.9856885720161,..
Ecuador,ECU,Net barter terms of trade index (2000 = 100),TT.PRI.MRCH.XD.WD,114.2857142857,100,125.7128346842,135.5727698444,158.5946132482,134.1954410362,157.8769895253,178.5337766124,181.2118094533,183.7951558049,181.7426059525,..
Ecuador,ECU,"External debt stocks, total (DOD, current US$)",DT.DOD.DECT.CD,12162489000,13329122000,17393170000,17863110000,15812998000,13259193000,14958833000,16489934000,16938322000,20286949000,26332952000,..
Ecuador,ECU,"Total debt service (% of exports of goods, services and primary income)",DT.TDS.DECT.EX.ZS,33.2103133556434,30.5408638864937,29.4186767186358,22.7148397697713,11.0709972481769,30.0207673877955,9.06420513826181,9.72648827512946,9.81740035551747,11.2369179102618,13.7706081099722,..
Ecuador,ECU,Net migration,SM.POP.NETM,..,..,..,-44999,..,..,..,..,-38001,..,..,..
Ecuador,ECU,"Personal remittances, received (current US$)",BX.TRF.PWKR.CD.DT,51000000,1322301025,2933808811.42857,3341337813.39619,3088633129.31,2742436211.02,2599027038.68,2680596330.84567,2476225961.80543,2458803089.2207,2472449389.28992,..
Ecuador,ECU,"Foreign direct investment, net inflows (BoP, current US$)",BX.KLT.DINV.CD.WD,126000000,-23439367.9139981,271428852.53,193872526.93,1056888020.15482,307960890.109,165320320.363638,643709358.687904,567035300.85638,732016206.263418,773101946.091118,..
Ecuador,ECU,Net official development assistance and official aid received (current US$),DT.ODA.ALLD.CD,159320000,146140000,187770000,217290000,230610000,207850000,147240000,161020000,147900000,147150000,160380000,..
"Venezuela, RB",VEN,"Population, total",SP.POP.TOTL,19861959,24481477,27221228,27670659,28116716,28558607,28995745,29427631,29854238,30276045,30693827,31108000
"Venezuela, RB",VEN,Population growth (annual %),SP.POP.GROW,2.41384628304213,1.88903086226017,1.67483125016247,1.63754998303231,1.5991664993392,1.55940868557826,1.51907333114389,1.47849678294708,1.43927433973339,1.40299994613106,1.37047536846938,..
"Venezuela, RB",VEN,Surface area (sq. km),AG.SRF.TOTL.K2,912050,912050,912050,912050,912050,912050,912050,912050,912050,912050,912050,912050
"Venezuela, RB",VEN,Population density (people per sq. km of land area),EN.POP.DNST,22.5179513633014,27.7552032197721,30.8613207868035,31.3708508587949,31.8765557508078,32.3775375545604,32.8731307748994,33.3627696842583,33.8464236721274,34.3246357916218,34.7982846777394,..
"Venezuela, RB",VEN,Poverty headcount ratio at national poverty lines (% of population),SI.POV.NAHC,..,46.3,36.3,33.6,32.6,31.8,32.5,31.6,25.4,32.1,..,..
"Venezuela, RB",VEN,Poverty headcount ratio at $1.90 a day (2011 PPP) (% of population),SI.POV.DDAY,..,..,9.24,..,..,..,..,..,..,..,..,..
"Venezuela, RB",VEN,"GNI, Atlas method (current US$)",NY.GNP.ATLS.CD,50751049556.0644,99738901186.3521,164581683653.462,208065063360.486,259512911701.86,289912482087.965,334452001168.996,347022607661.237,373256720713.005,..,..,..
"Venezuela, RB",VEN,"GNI per capita, Atlas method (current US$)",NY.GNP.PCAP.CD,2560,4070,6050,7520,9230,10150,11530,11790,12500,..,..,..
"Venezuela, RB",VEN,"GNI, PPP (current international $)",NY.GNP.MKTP.PP.CD,182456560430.036,276445125826.204,401416369062.714,456006188080.297,484581425928.784,466838158150.897,463020306445.664,489063712529.961,523784610190.285,535745757159.643,..,..
"Venezuela, RB",VEN,"GNI per capita, PPP (current international $)",NY.GNP.PCAP.PP.CD,9190,11290,14750,16480,17230,16350,15970,16620,17540,17700,..,..
"Venezuela, RB",VEN,Income share held by lowest 20%,SI.DST.FRST.20,..,..,3.18,..,..,..,..,..,..,..,..,..
"Venezuela, RB",VEN,"Life expectancy at birth, total (years)",SP.DYN.LE00.IN,69.8286097560976,72.3461219512195,73.3010487804878,73.3889024390244,73.476243902439,73.568,73.6716097560976,73.7916585365854,73.9257317073171,74.0744146341464,74.2361951219512,74.4096097560976
"Venezuela, RB",VEN,"Fertility rate, total (births per woman)",SP.DYN.TFRT.IN,3.448,2.822,2.595,2.562,2.531,2.501,2.472,2.444,2.417,2.391,2.365,2.34
"Venezuela, RB",VEN,"Adolescent fertility rate (births per 1,000 women ages 15-19)",SP.ADO.TFRT,97.059,88.9982,83.6358,82.554,82.2228,81.8916,81.5604,81.2292,80.898,80.2826,79.6672,..
"Venezuela, RB",VEN,"Contraceptive prevalence, any methods (% of women ages 15-49)",SP.DYN.CONU.ZS,..,..,..,..,..,..,..,..,..,..,..,..
"Venezuela, RB",VEN,Births attended by skilled health staff (% of total),SH.STA.BRTC.ZS,..,94,..,..,..,..,..,..,96,..,..,..
"Venezuela, RB",VEN,"Mortality rate, under-5 (per 1,000)",SH.DYN.MORT,29.6,21.7,17.9,17.4,17.1,16.8,16.6,16.4,16.1,15.7,15.3,14.9
"Venezuela, RB",VEN,"Prevalence of underweight, weight for age (% of children under 5)",SH.STA.MALN.ZS,6.69999980926514,3.90000009536743,3.90000009536743,3.70000004768372,3.20000004768372,2.90000009536743,..,..,..,..,..,..
"Venezuela, RB",VEN,"Immunization, measles (% of children ages 12-23 months)",SH.IMM.MEAS,61,84,82,87,93,87,79,86,87,85,89,..
"Venezuela, RB",VEN,"Primary completion rate, both sexes (%)",SE.PRM.CMPT.ZS,78.95549,81.92593,93.64343,95.73083,93.57685,93.6521,92.52151,93.91329,95.27824,95.31894,96.24232,..
"Venezuela, RB",VEN,"Gross enrollment ratio, primary, both sexes (%)",SE.PRM.ENRR,105.8525,99.28468,102.73016,104.61711,101.92826,102.24411,101.67858,101.44112,101.53069,102.03063,100.845,..
"Venezuela, RB",VEN,"Gross enrolment ratio, secondary, both sexes (%)",SE.SEC.ENRR,55.49662,59.32583,75.61009,78.14587,79.91281,80.89369,80.94776,82.06468,84.39415,92.12468,91.61128,..
"Venezuela, RB",VEN,"Gross enrolment ratio, primary and secondary, gender parity index (GPI)",SE.ENR.PRSC.FM.ZS,..,1.04656,1.03038,1.02566,1.02165,1.01843,1.01843,1.01939,1.02265,1.02681,1.01838,..
"Venezuela, RB",VEN,"Prevalence of HIV, total (% of population ages 15-49)",SH.DYN.AIDS.ZS,0.1,0.3,0.5,0.5,0.5,0.5,0.5,0.5,0.6,0.6,0.6,..
"Venezuela, RB",VEN,Forest area (sq. km),AG.LND.FRST.K2,520260,491510,476714,476298,475882,475466,475050,473406,471762,470118,468474,466830
"Venezuela, RB",VEN,Terrestrial and marine protected areas (% of total territorial area),ER.PTD.TOTL.ZS,26.9,36.67,..,..,..,..,..,..,..,..,36.69,..
"Venezuela, RB",VEN,"Annual freshwater withdrawals, total (% of internal resources)",ER.H2O.FWTL.ZS,..,..,..,2.8111801242236,..,..,..,..,..,..,2.8111801242236,..
"Venezuela, RB",VEN,Improved water source (% of population with access),SH.H2O.SAFE.ZS,88.8,91.1,92.1,92.2,92.4,92.5,92.7,92.8,92.9,93.1,93.1,93.1
"Venezuela, RB",VEN,Improved sanitation facilities (% of population with access),SH.STA.ACSN,82.1,88.3,91.2,91.7,92.1,92.6,93,93.5,94,94.4,94.4,94.4
"Venezuela, RB",VEN,Urban population growth (annual %),SP.URB.GROW,2.95037956883431,2.2682417181358,1.72224492764587,1.68381081438844,1.6454090512708,1.6056283919975,1.56527105132183,1.52467259652918,1.48542998712431,1.45138224473466,1.42333620067889,..
"Venezuela, RB",VEN,Energy use (kg of oil equivalent per capita),EG.USE.PCAP.KG.OE,1993.13270156282,2094.34132589304,2304.31117949565,2096.72462083393,2307.74532843736,2276.79991534601,2496.24298323771,2283.49166128935,2447.28413433295,2271.18753456735,..,..
"Venezuela, RB",VEN,CO2 emissions (metric tons per capita),EN.ATM.CO2E.PC,6.15057346558816,6.2260345648263,6.2272873582338,5.86851802120072,6.60489229965548,6.5252928127762,6.81175648358061,6.4163335811843,..,..,..,..
"Venezuela, RB",VEN,Electric power consumption (kWh per capita),EG.USE.ELEC.KH.PC,2449.05348963816,2636.1154598638,2958.42641632479,2973.00472677575,3071.80255332806,3033.86646274449,3134.42541310803,3196.89342305536,3249.78986233043,3245.07378688333,..,..
"Venezuela, RB",VEN,GDP at market prices (current US$),NY.GDP.MKTP.CD,47027508385.03,117147614565.563,183477522123.894,230364229156.963,315600203539.823,329418979506.288,393801459277.332,316482190800.364,381286237847.667,..,..,..
"Venezuela, RB",VEN,GDP growth (annual %),NY.GDP.MKTP.KD.ZG,6.46794075617372,3.68694416687683,9.87214910851037,8.75346338531995,5.27796585778277,-3.20230265749004,-1.48879125078348,4.17642535923927,5.62595697508644,1.34309403607476,-3.99999999999999,..
"Venezuela, RB",VEN,"Inflation, GDP deflator (annual %)",NY.GDP.DEFL.KD.ZG,41.740657256226,29.4528251104893,17.9043155490636,15.4487088273591,30.1321923946817,7.83166636002666,45.9432686985893,28.1491909528854,14.059430064286,35.5026746348335,..,..
"Venezuela, RB",VEN,"Agriculture, value added (% of GDP)",NV.AGR.TOTL.ZS,5.46606599974526,4.21001827677942,3.97764983133668,4.12501854831464,4.44421009136659,6.12873375637085,5.79132835760473,5.43220366434674,5.47100793465547,..,..,..
"Venezuela, RB",VEN,"Industry, value added (% of GDP)",NV.IND.TOTL.ZS,60.5607965990307,49.6735235441619,56.4837551445789,53.3081481361569,54.0908837109939,44.1749560597168,52.1555872132379,52.6996476136285,49.2531195350254,..,..,..
"Venezuela, RB",VEN,"Services, etc., value added (% of GDP)",NV.SRV.TETC.ZS,33.9731374012241,46.1164581790587,39.5385950240844,42.5667316195117,41.4648489438889,49.6962411626127,42.0530577281001,..,..,..,..,..
"Venezuela, RB",VEN,Exports of goods and services (% of GDP),NE.EXP.GNFS.ZS,39.4500234944558,29.7442196597828,36.5186216079437,31.1305095917443,30.8216690057259,18.0715188695789,28.5304069880193,29.9430146096987,26.1710142521782,24.7649783074912,..,..
"Venezuela, RB",VEN,Imports of goods and services (% of GDP),NE.IMP.GNFS.ZS,20.1840859822559,18.113001893198,22.1469699505166,25.0685330535067,21.0073433732672,20.4494107887508,17.606486536001,19.6951069871008,24.2325531281872,29.5127829463821,..,..
"Venezuela, RB",VEN,Gross capital formation (% of GDP),NE.GDI.TOTL.ZS,10.2199353211415,24.1703919915729,26.921912843379,30.3400097454063,26.8261258775664,25.7969460220917,21.9716579748512,23.0723970782658,26.5967444479812,27.2689532875589,..,..
"Venezuela, RB",VEN,"Revenue, excluding grants (% of GDP)",GC.REV.XGRT.GD.ZS,24.460086120923,21.1789121108884,..,..,..,..,..,..,..,..,..,..
"Venezuela, RB",VEN,Cash surplus/deficit (% of GDP),GC.BAL.CASH.GD.ZS,3.03765801354178,-1.23875265561688,..,..,..,..,..,..,..,..,..,..
"Venezuela, RB",VEN,Time required to start a business (days),IC.REG.DURS,..,..,143,142,141,141,141,141,144,144,144,144
"Venezuela, RB",VEN,Domestic credit provided by financial sector (% of GDP),FS.AST.DOMS.GD.ZS,38.641867186957,14.9076237137421,18.421236018845,19.9408261435868,20.1848051784695,25.9026757765397,22.5087686526828,33.6556989092377,48.3423561909355,61.9278297635068,..,..
"Venezuela, RB",VEN,Tax revenue (% of GDP),GC.TAX.TOTL.GD.ZS,18.1047119802908,13.286603548683,..,..,..,..,..,..,..,..,..,..
"Venezuela, RB",VEN,Military expenditure (% of GDP),MS.MIL.XPND.GD.ZS,1.56872441780542,1.52657012884905,1.63375762934706,1.2893051242236,1.37043789860736,1.2203388985043,0.853924397949469,0.753524677610168,1.30233184721529,1.43090973756456,..,..
"Venezuela, RB",VEN,Mobile cellular subscriptions (per 100 people),IT.CEL.SETS.P2,0.0375972871596906,22.3175670252565,69.1020835587459,86.1302692438155,97.4895904426665,98.3925082846331,95.9951118473762,97.5640312705239,102.050727660111,101.614434001387,98.9520034832843,..
"Venezuela, RB",VEN,Internet users (per 100 people),IT.NET.USER.P2,0,3.3595974645036,15.2247114771787,20.83,25.88,32.7,37.37,40.22,49.0500830729861,54.9,57,..
"Venezuela, RB",VEN,High-technology exports (% of manufactured exports),TX.VAL.TECH.MF.ZS,3.93872519716892,2.89096578604343,2.4137913425398,..,3.47136767359514,4.17760988355386,5.05221964133165,2.79617388010946,0.00132680534109401,1.13033203081397,..,..
"Venezuela, RB",VEN,Overall level of statistical capacity (scale 0 - 100),IQ.SCI.OVRL,..,..,82.2222222222222,86.6666666666667,90,86.6666666666667,83.3333333333333,78.8888888888889,77.7777777777778,80,81.1111111111111,82.2222333333333
"Venezuela, RB",VEN,Merchandise trade (% of GDP),TG.VAL.TOTL.GD.ZS,52.8031376799555,42.460958496224,54.0632982458848,50.3882918041537,46.0934430232851,30.0963229710046,26.5984286072018,44.4925509533089,41.4570431107856,..,..,..
"Venezuela, RB",VEN,Net barter terms of trade index (2000 = 100),TT.PRI.MRCH.XD.WD,89.5833333333,100,184.4003451251,202.1237763398,249.4693572496,181.6579634465,215.9341082288,259.5085092861,262.0892182911,254.6287873487,..,..
"Venezuela, RB",VEN,"External debt stocks, total (DOD, current US$)",DT.DOD.DECT.CD,..,..,..,..,..,..,..,..,..,..,..,..
"Venezuela, RB",VEN,"Total debt service (% of exports of goods, services and primary income)",DT.TDS.DECT.EX.ZS,..,..,..,..,..,..,..,..,..,..,..,..
"Venezuela, RB",VEN,Net migration,SM.POP.NETM,..,..,..,-28395,..,..,..,..,-69121,..,..,..
"Venezuela, RB",VEN,"Personal remittances, received (current US$)",BX.TRF.PWKR.CD.DT,1000000,17000000,165000000,151000000,137000000,131000000,143000000,138000000,118000000,120000000,121193609.022059,..
"Venezuela, RB",VEN,"Foreign direct investment, net inflows (BoP, current US$)",BX.KLT.DINV.CD.WD,451000000,4701000000,198000000,2517000000,1258000000,-2553000000,1903000000,3889000000,2199000000,6927000000,..,..
"Venezuela, RB",VEN,Net official development assistance and official aid received (current US$),DT.ODA.ALLD.CD,76360000,76060000,62930000,77760000,59220000,66340000,52570000,46470000,48060000,35160000,40630000,..
Peru,PER,"Population, total",SP.POP.TOTL,21826658,25914875,27949958,28292768,28642048,29001563,29373644,29759891,30158768,30565461,30973148,31377000
Peru,PER,Population growth (annual %),SP.POP.GROW,2.11975318589973,1.37377565978044,1.22229662655723,1.21905273715175,1.22696236275974,1.24738771701005,1.27480846108801,1.30637376270639,1.3314146175279,1.33949524787227,1.32499895965774,..
Peru,PER,Surface area (sq. km),AG.SRF.TOTL.K2,1285220,1285220,1285220,1285220,1285220,1285220,1285220,1285220,1285220,1285220,1285220,1285220
Peru,PER,Population density (people per sq. km of land area),EN.POP.DNST,17.0520765625,20.24599609375,21.8359046875,22.103725,22.3766,22.65747109375,22.948159375,23.24991484375,23.5615375,23.87926640625,24.197771875,..
Peru,PER,Poverty headcount ratio at national poverty lines (% of population),SI.POV.NAHC,..,..,49.2,42.4,37.3,33.5,30.8,27.8,25.8,23.9,22.7,..
Peru,PER,Poverty headcount ratio at $1.90 a day (2011 PPP) (% of population),SI.POV.DDAY,..,16.5,12.39,10.03,7.94,6.27,4.74,4.35,4.13,3.7,..,..
Peru,PER,"GNI, Atlas method (current US$)",NY.GNP.ATLS.CD,19254119835.9888,51066896584.5353,77875892479.8355,89879541487.4173,107831735376.342,113771157362.862,128542563569.458,144960198376.945,170437086868.369,190326109668.818,196931430954.104,..
Peru,PER,"GNI per capita, Atlas method (current US$)",NY.GNP.PCAP.CD,880,1970,2790,3180,3760,3920,4380,4870,5650,6230,6360,..
Peru,PER,"GNI, PPP (current international $)",NY.GNP.MKTP.PP.CD,74295945749.9662,129947726606.53,187587940234.364,209987220701.34,236051117490.209,241043799339.422,262827918315.915,284677156245.627,311681700463.453,338756847471.838,354236928796.846,..
Peru,PER,"GNI per capita, PPP (current international $)",NY.GNP.PCAP.PP.CD,3400,5010,6710,7420,8240,8310,8950,9570,10330,11080,11440,..
Peru,PER,Income share held by lowest 20%,SI.DST.FRST.20,..,3.37,3.32,3.33,3.7,3.94,4.24,4.31,4.28,4.43,..,..
Peru,PER,"Life expectancy at birth, total (years)",SP.DYN.LE00.IN,65.5304390243902,70.5074390243903,72.7434390243903,72.9969512195122,73.2250243902439,73.4361463414634,73.6398048780488,73.8449756097561,74.0576585365854,74.2838536585366,74.5255365853659,74.7807317073171
Peru,PER,"Fertility rate, total (births per woman)",SP.DYN.TFRT.IN,3.828,2.929,2.648,2.616,2.59,2.566,2.545,2.525,2.504,2.48,2.455,2.427
Peru,PER,"Adolescent fertility rate (births per 1,000 women ages 15-19)",SP.ADO.TFRT,70.7978,65.1004,56.0584,54.698,54.1862,53.6744,53.1626,52.6508,52.139,50.9086,49.6782,..
Peru,PER,"Contraceptive prevalence, any methods (% of women ages 15-49)",SP.DYN.CONU.ZS,..,68.9,71.3,..,72.4,73.2,74.4,75.4,75.5,74,74.6,..
Peru,PER,Births attended by skilled health staff (% of total),SH.STA.BRTC.ZS,..,62.5,74.7,..,82.1,82.5,83.8,85,86.7,..,90,..
Peru,PER,"Mortality rate, under-5 (per 1,000)",SH.DYN.MORT,79.7,38.6,25.9,24.5,23.2,22.1,21,20,19.1,18.3,17.5,16.9
Peru,PER,"Prevalence of underweight, weight for age (% of children under 5)",SH.STA.MALN.ZS,..,5.19999980926514,..,..,4.5,4.30000019073486,4.30000019073486,4.19999980926514,3.5,..,..,..
Peru,PER,"Immunization, measles (% of children ages 12-23 months)",SH.IMM.MEAS,64,97,93,92,92,91,94,96,94,85,89,..
Peru,PER,"Primary completion rate, both sexes (%)",SE.PRM.CMPT.ZS,..,101.27117,103.60966,105.8739,104.8812,101.93184,103.35593,99.77302,94.00992,95.14899,95.90559,..
Peru,PER,"Gross enrollment ratio, primary, both sexes (%)",SE.PRM.ENRR,117.77061,121.2999,116.80022,116.51686,112.89144,111.10479,110.36508,107.35672,101.44142,103.1087,101.4221,..
Peru,PER,"Gross enrolment ratio, secondary, both sexes (%)",SE.SEC.ENRR,67.08959,84.69558,88.07086,90.51896,91.04757,93.40124,94.70003,95.20703,93.43105,97.89767,95.62184,..
Peru,PER,"Gross enrolment ratio, primary and secondary, gender parity index (GPI)",SE.ENR.PRSC.FM.ZS,..,0.97016,1.0019,1.00408,1.00806,1.00328,1.00821,1.00333,0.99022,0.99718,0.99915,..
Peru,PER,"Prevalence of HIV, total (% of population ages 15-49)",SH.DYN.AIDS.ZS,0.6,0.6,0.5,0.4,0.4,0.4,0.4,0.4,0.4,0.4,0.4,..
Peru,PER,Forest area (sq. km),AG.LND.FRST.K2,779210,761470,753846,752412,750978,749544,748110,746434,744758,743082,741406,739730
Peru,PER,Terrestrial and marine protected areas (% of total territorial area),ER.PTD.TOTL.ZS,3.02,4.58,..,..,..,..,..,..,..,..,19.37,..
Peru,PER,"Annual freshwater withdrawals, total (% of internal resources)",ER.H2O.FWTL.ZS,..,..,..,..,..,..,..,..,0.832419256550884,..,0.832419256550884,..
Peru,PER,Improved water source (% of population with access),SH.H2O.SAFE.ZS,74.3,79.8,82.8,83.3,83.7,84.2,84.6,85,85.5,85.9,86.3,86.7
Peru,PER,Improved sanitation facilities (% of population with access),SH.STA.ACSN,52.8,62.9,68.5,69.4,70.3,71.2,72,72.9,73.7,74.6,75.4,76.2
Peru,PER,Urban population growth (annual %),SP.URB.GROW,2.70490791908552,1.93805267105245,1.73673831693684,1.72426412622123,1.72569645025357,1.73189338403546,1.74787174614909,1.7655666668172,1.77948892936252,1.77402663136291,1.74871175039467,..
Peru,PER,Energy use (kg of oil equivalent per capita),EG.USE.PCAP.KG.OE,445.980552771753,471.608217288333,473.972769476076,506.633143847926,524.931247933109,576.684056648947,654.019262982829,692.788122107033,715.613979987511,708.330654656247,..,..
Peru,PER,CO2 emissions (metric tons per capita),EN.ATM.CO2E.PC,0.969896124271522,1.16908740636411,1.25452260071375,1.52718394326069,1.44134546524047,1.77106554567421,1.96972244914523,1.7832331442343,..,..,..,..
Peru,PER,Electric power consumption (kWh per capita),EG.USE.ELEC.KH.PC,546.350247481772,680.188501777454,887.622085156622,968.127261355269,1039.45081022139,1040.63356861146,1094.31434520007,1241.67121445438,1211.32269063511,1269.76655120628,..,..
Peru,PER,GDP at market prices (current US$),NY.GDP.MKTP.CD,25710059622.0643,50980861887.1601,87862091339.4002,102170980824.545,121572308725.52,121192333742.779,148522048127.964,170564249004.954,192679697094.166,201848484663.508,202596307719.116,..
Peru,PER,GDP growth (annual %),NY.GDP.MKTP.KD.ZG,-4.98256353646605,2.69431107298045,7.5288168435015,8.51844194709201,9.14314820513162,1.04923236965702,8.45074688025396,6.45221599607953,5.95034634533391,5.77036813187584,2.35025371037918,..
Peru,PER,"Inflation, GDP deflator (annual %)",NY.GDP.DEFL.KD.ZG,6261.23955861905,3.76304288706612,8.29191681605342,2.39288555308062,1.94467384725199,1.5621277424154,6.00853928873757,5.16630943846057,2.11190077558139,1.4682246569881,3.02195460934776,..
Peru,PER,"Agriculture, value added (% of GDP)",NV.AGR.TOTL.ZS,..,8.9809315278278,7.37836255075882,7.31161597729808,7.73400010491144,7.88771904096121,7.20870501553178,7.50756274490409,7.4474785647418,..,..,..
Peru,PER,"Industry, value added (% of GDP)",NV.IND.TOTL.ZS,..,31.5886111588817,39.2854465153183,41.1066506134227,39.1918764323126,36.974595003276,38.4133255164309,38.9467248225719,36.7902748480825,..,..,..
Peru,PER,"Services, etc., value added (% of GDP)",NV.SRV.TETC.ZS,..,59.4304573132905,53.3361909339229,51.5810512601001,53.074123462776,55.1376859557628,54.3779694680373,53.545712432524,55.7622465871757,..,..,..
Peru,PER,Exports of goods and services (% of GDP),NE.EXP.GNFS.ZS,16.1251810979307,16.7870696337698,29.9721131012408,30.4984568335824,28.3929622580951,25.1860305861063,26.5597603689569,29.6552531471676,27.1324589209178,24.127137976026,22.3986949912528,..
Peru,PER,Imports of goods and services (% of GDP),NE.IMP.GNFS.ZS,14.1474782028591,18.7918981484189,20.8586683207713,23.3774852229404,28.0726406007989,21.2325129390165,23.4525360538518,25.5864149641367,25.1413632338663,24.7112490760327,23.9214794192404,..
Peru,PER,Gross capital formation (% of GDP),NE.GDI.TOTL.ZS,13.8802056166138,18.3972631669689,19.1936343117638,22.2675352674833,27.4682863908303,20.8565553049942,25.1747420007618,25.7330957608871,26.1963452081353,27.7929429981569,26.1748761955556,..
Peru,PER,"Revenue, excluding grants (% of GDP)",GC.REV.XGRT.GD.ZS,12.8080092861637,18.21590844137,20.121095279864,20.970709473979,20.9736672405027,18.9038777235216,20.1454020421792,20.9439821208537,21.5050384744561,..,..,..
Peru,PER,Cash surplus/deficit (% of GDP),GC.BAL.CASH.GD.ZS,-8.29502931088235,-2.14823550123607,1.91920430051195,1.79163727587188,2.11605361592119,-1.14089917119939,0.50051250718706,1.31514556005947,2.03190374782162,..,..,..
Peru,PER,Time required to start a business (days),IC.REG.DURS,..,..,74,74,66.5,40.5,27,26,26,26,26,26
Peru,PER,Domestic credit provided by financial sector (% of GDP),FS.AST.DOMS.GD.ZS,20.6654666877515,27.169936416489,15.3059189880924,16.8777342496615,19.6672221054285,19.7478913937495,18.7380532720286,19.192331646312,18.442823326724,22.0603214178766,24.8205209885463,..
Peru,PER,Tax revenue (% of GDP),GC.TAX.TOTL.GD.ZS,11.0160078695488,12.7975730029942,15.8092951699788,16.4074684016428,16.3734005675953,14.4124689225387,15.3593468851891,16.077455178187,16.540335479081,..,..,..
Peru,PER,Military expenditure (% of GDP),MS.MIL.XPND.GD.ZS,2.74333864764378,1.78896909470822,1.38565068979005,1.19639779787608,1.13871356253967,1.42148230117145,1.31684160840044,1.18728162621799,1.23412897225014,1.46572525142106,1.44563702388007,..
Peru,PER,Mobile cellular subscriptions (per 100 people),IT.CEL.SETS.P2,0.00757852906262552,4.89943492481562,32.535769368201,54.4232697846438,73.1925741506876,85.3670503139474,99.4953290573742,109.611814490462,98.0001100447515,98.0829812662485,103.610657544261,..
Peru,PER,Internet users (per 100 people),IT.NET.USER.P2,0,3.07643061137675,20.7,25.2,30.57,31.4,34.77,36.01,38.2,39.2,40.2,..
Peru,PER,High-technology exports (% of manufactured exports),TX.VAL.TECH.MF.ZS,..,4.37692251320074,2.71748719282938,2.50898343966235,2.7472799260996,3.46490187551227,6.58528753392061,6.21885514750952,3.48299745038225,3.58081782276752,3.84667332301103,..
Peru,PER,Overall level of statistical capacity (scale 0 - 100),IQ.SCI.OVRL,..,..,80,78.8888888888889,80,81.1111111111111,81.1111111111111,81.1111111111111,83.3333333333333,88.8888888888889,98.8888888888889,93.3333333333333
Peru,PER,Merchandise trade (% of GDP),TG.VAL.TOTL.GD.ZS,22.8081929260387,28.3302389668653,44.5489724115497,47.4322921952605,50.1523289746738,40.2461389212303,44.3257769768021,49.3204490716907,46.5460980215105,42.5225725018868,40.3128794638412,..
Peru,PER,Net barter terms of trade index (2000 = 100),TT.PRI.MRCH.XD.WD,114.1414141414,100,171.092624811,186.4097297389,178.1058626683,173.158468482,214.3867168611,242.9979296974,232.6521338003,217.5194291741,205.9010517409,..
Peru,PER,"External debt stocks, total (DOD, current US$)",DT.DOD.DECT.CD,20292433000,28812916000,29294277000,32239017000,34719590000,37389856000,42153894000,45012108000,54149551000,56661391000,66468654000,..
Peru,PER,"Total debt service (% of exports of goods, services and primary income)",DT.TDS.DECT.EX.ZS,11.0544843568946,27.9407990029123,13.1347379267469,27.8619085822755,14.5601202490493,13.425645689253,16.7184725211615,7.87061812132512,11.3388742556544,14.0151618698677,10.8661926359882,..
Peru,PER,Net migration,SM.POP.NETM,..,..,..,-489999,..,..,..,..,-240000,..,..,..
Peru,PER,"Personal remittances, received (current US$)",BX.TRF.PWKR.CD.DT,87000000,717663818.4,1837494274.23837,2130814663.09079,2443644584.72294,2408698137.26314,2533910907.29577,2696961722.55353,2787954662.52377,2707246389.78562,2638979869.03886,..
Peru,PER,"Foreign direct investment, net inflows (BoP, current US$)",BX.KLT.DINV.CD.WD,41000000,809696760.032968,3466531061.27322,5490961307.08952,6923651284.62579,6430652960.91184,8454627587.91059,7664946686.64279,11917886684.9768,9297768036.99972,7884539123.8287,..
Peru,PER,Net official development assistance and official aid received (current US$),DT.ODA.ALLD.CD,397080000,396840000,463440000,307030000,463020000,441170000,-299530000,598970000,385340000,359790000,324830000,..
Colombia,COL,"Population, total",SP.POP.TOTL,34271563,40403959,43835744,44374647,44901660,45416276,45918101,46406446,46881018,47342363,47791393,48229000
Colombia,COL,Population growth (annual %),SP.POP.GROW,1.90627002615686,1.45765832224384,1.26287097636306,1.22187351991691,1.18064722772051,1.13957778918184,1.09888536231866,1.05789753706056,1.01744880528768,0.97926582949045,0.944004217769977,..
Colombia,COL,Surface area (sq. km),AG.SRF.TOTL.K2,1141750,1141750,1141750,1141750,1141750,1141750,1141750,1141750,1141748,1141749,1141749,1141749
Colombia,COL,Population density (people per sq. km of land area),EN.POP.DNST,30.8891960342497,36.4163668319063,39.5094583145561,39.9951753041911,40.4701757548445,40.9340027039207,41.3863010365029,41.8264497521406,42.2541847679135,42.6699981973862,43.074712032447,..
Colombia,COL,Poverty headcount ratio at national poverty lines (% of population),SI.POV.NAHC,..,..,..,..,42,40.3,37.2,34.1,32.7,30.6,28.5,27.8
Colombia,COL,Poverty headcount ratio at $1.90 a day (2011 PPP) (% of population),SI.POV.DDAY,..,15.87,20.71,17.39,10.71,9.28,8.06,6.58,7.09,6.12,..,..
Colombia,COL,"GNI, Atlas method (current US$)",NY.GNP.ATLS.CD,41685437781.735,93539833747.3766,150476696774.495,180459214718.757,209434268298.435,231041671087.988,254321063270.111,286989836683.344,334854971407.994,367616229857.205,380998100838.304,..
Colombia,COL,"GNI per capita, Atlas method (current US$)",NY.GNP.PCAP.CD,1220,2320,3430,4070,4660,5090,5540,6180,7140,7770,7970,..
Colombia,COL,"GNI, PPP (current international $)",NY.GNP.MKTP.PP.CD,158252970615.985,260328033275.121,378907830867.739,414811908728.618,437139538175.485,449328659751.283,471240422818.843,508891489836.016,542082687210.438,579299943507.716,616946010164.154,..
Colombia,COL,"GNI per capita, PPP (current international $)",NY.GNP.PCAP.PP.CD,4620,6440,8640,9350,9740,9890,10260,10970,11560,12240,12910,..
Colombia,COL,Income share held by lowest 20%,SI.DST.FRST.20,..,1.9,2.19,2.42,2.93,3.06,3.19,3.35,3.29,3.35,..,..
Colombia,COL,"Life expectancy at birth, total (years)",SP.DYN.LE00.IN,68.2971951219512,70.9887073170732,72.4914390243902,72.705512195122,72.9071707317073,73.0969512195122,73.2778536585366,73.4548048780488,73.6307804878049,73.8097317073171,73.9931463414634,74.1820243902439
Colombia,COL,"Fertility rate, total (births per woman)",SP.DYN.TFRT.IN,2.994,2.389,2.157,2.118,2.08,2.044,2.01,1.978,1.948,1.922,1.897,1.875
Colombia,COL,"Adolescent fertility rate (births per 1,000 women ages 15-19)",SP.ADO.TFRT,79.8848,85.107,68.2118,63.685,62.4794,61.2738,60.0682,58.8626,57.657,54.6654,51.6738,..
Colombia,COL,"Contraceptive prevalence, any methods (% of women ages 15-49)",SP.DYN.CONU.ZS,66.1,76.9,..,..,..,..,79.1,..,..,..,..,..
Colombia,COL,Births attended by skilled health staff (% of total),SH.STA.BRTC.ZS,80.6,88.3,..,..,..,..,95.6,99.3,99.3,99.05,..,..
Colombia,COL,"Mortality rate, under-5 (per 1,000)",SH.DYN.MORT,35.1,25.1,20.9,20.3,19.7,19.1,18.5,18,17.4,16.9,16.4,15.9
Colombia,COL,"Prevalence of underweight, weight for age (% of children under 5)",SH.STA.MALN.ZS,..,4.90000009536743,..,..,..,..,3.40000009536743,..,..,..,..,..
Colombia,COL,"Immunization, measles (% of children ages 12-23 months)",SH.IMM.MEAS,82,88,95,93,95,89,88,88,94,92,91,..
Colombia,COL,"Primary completion rate, both sexes (%)",SE.PRM.CMPT.ZS,71.6812,94.98594,115.74593,118.5662,119.1839,124.105,..,..,..,..,..,..
Colombia,COL,"Gross enrollment ratio, primary, both sexes (%)",SE.PRM.ENRR,101.68601,120.91094,128.71629,129.41521,129.49889,129.68515,..,..,..,..,..,..
Colombia,COL,"Gross enrolment ratio, secondary, both sexes (%)",SE.SEC.ENRR,..,69.93158,87.77696,91.60233,93.97066,99.23594,..,..,..,..,..,..
Colombia,COL,"Gross enrolment ratio, primary and secondary, gender parity index (GPI)",SE.ENR.PRSC.FM.ZS,..,1.03794,1.04253,1.0463,1.04366,1.04635,..,..,..,..,..,..
Colombia,COL,"Prevalence of HIV, total (% of population ages 15-49)",SH.DYN.AIDS.ZS,0.1,0.5,0.5,0.5,0.4,0.4,0.4,0.4,0.4,0.4,0.4,..
Colombia,COL,Forest area (sq. km),AG.LND.FRST.K2,644170,617984.4,598881.5,595749.4,592617.4,589485.3,586353.2,586086,585818.9,585551.7,585284.6,585017.4
Colombia,COL,Terrestrial and marine protected areas (% of total territorial area),ER.PTD.TOTL.ZS,11.58,12.34,..,..,..,..,..,..,..,..,17.37,..
Colombia,COL,"Annual freshwater withdrawals, total (% of internal resources)",ER.H2O.FWTL.ZS,..,..,..,..,..,..,..,..,0.548717948717949,..,0.548717948717949,..
Colombia,COL,Improved water source (% of population with access),SH.H2O.SAFE.ZS,88.4,89.9,90.6,90.7,90.8,90.9,91,91.1,91.2,91.3,91.3,91.4
Colombia,COL,Improved sanitation facilities (% of population with access),SH.STA.ACSN,69,74.6,77.5,78,78.4,78.9,79.3,79.8,80.2,80.6,81.1,81.1
Colombia,COL,Urban population growth (annual %),SP.URB.GROW,2.67670169556099,1.8859049544542,1.66298687219102,1.61770056576167,1.57222645049024,1.52695404416978,1.48210143480138,1.43699596318022,1.39114769996313,1.34893660629732,1.30968960784364,..
Colombia,COL,Energy use (kg of oil equivalent per capita),EG.USE.PCAP.KG.OE,706.784368136347,638.885808195182,649.375860941245,637.510761494058,659.610246035447,676.042857410854,679.530366467028,673.434311259259,673.829309764562,668.504125998104,..,..
Colombia,COL,CO2 emissions (metric tons per capita),EN.ATM.CO2E.PC,1.67302588446287,1.43362020538631,1.43582342300384,1.4068996424918,1.45114730724877,1.48476425059598,1.71139067793766,1.56062909881097,..,..,..,..
Colombia,COL,Electric power consumption (kWh per capita),EG.USE.ELEC.KH.PC,841.864142583751,829.398921031476,947.126618861539,974.385215954507,974.217879695316,1049.97600419726,1077.98447501128,1121.39593710753,1149.95369767781,1177.10643213986,..,..
Colombia,COL,GDP at market prices (current US$),NY.GDP.MKTP.CD,40274204595.2296,99886577575.5444,162590146096.414,207416494642.379,243982437870.84,233821670544.258,287018184637.529,335415156702.186,369659700375.52,380063456192.64,377739622865.838,..
Colombia,COL,GDP growth (annual %),NY.GDP.MKTP.KD.ZG,6.04203847765552,4.41999299958138,6.69751525770525,6.90062765541227,3.54680488578106,1.65154924529054,3.97180070473753,6.58951151557115,4.0439438063715,4.93628950050969,4.55250099165391,..
Colombia,COL,"Inflation, GDP deflator (annual %)",NY.GDP.DEFL.KD.ZG,26.1051392222403,31.7613475924602,5.77509106238534,5.03975733215944,7.55569950745671,3.40790693238087,3.85625889520473,6.72521171695644,2.98898695559318,1.89779682616209,1.82611083179856,..
Colombia,COL,"Agriculture, value added (% of GDP)",NV.AGR.TOTL.ZS,16.7480927927373,8.94956311457198,8.08593649440658,7.82987887494291,7.5155433858248,7.46625503668235,7.0984803710419,6.84885713830899,6.32670623291875,5.96069531760147,6.27599760991167,..
Colombia,COL,"Industry, value added (% of GDP)",NV.IND.TOTL.ZS,37.889550066766,29.4224638167923,33.7962340570984,33.6927705156044,35.487482074093,34.4973665885518,34.9574764342312,37.5769174306085,37.7851674271131,37.1961579221828,36.0082645223063,..
Colombia,COL,"Services, etc., value added (% of GDP)",NV.SRV.TETC.ZS,45.3623571404967,61.6279730686357,58.117829448495,58.4773506094527,56.9969745400822,58.0363783747658,57.9440431947269,55.5742254310825,55.8881263399681,56.8431467602157,57.715737867782,..
Colombia,COL,Exports of goods and services (% of GDP),NE.EXP.GNFS.ZS,20.5654291500714,15.915139715438,17.6374974602629,16.5392324252097,17.7894839893603,16.0308096550658,15.9359837335115,18.7361064956267,18.2587618932916,17.6153138934217,16.0383097578265,..
Colombia,COL,Imports of goods and services (% of GDP),NE.IMP.GNFS.ZS,14.8209502320581,16.7519457538687,20.5364445764239,19.7906614208299,20.2625774078448,18.249192009464,17.7648626230447,19.9327626981387,20.0373359026858,20.2208496361176,21.4378855045017,..
Colombia,COL,Gross capital formation (% of GDP),NE.GDI.TOTL.ZS,18.5039423595527,14.8956270290748,22.4030862364482,23.0270117288991,23.4872012781017,22.4400422473531,22.1262047551585,23.876340148477,23.8525231843912,24.1685756000997,25.952057258329,..
Colombia,COL,"Revenue, excluding grants (% of GDP)",GC.REV.XGRT.GD.ZS,..,15.4943500335279,..,..,21.7403147077992,20.821839327549,21.5402186449545,23.4589996094868,26.4253616705673,25.5500998058607,..,..
Colombia,COL,Cash surplus/deficit (% of GDP),GC.BAL.CASH.GD.ZS,..,-3.12229442751437,..,..,-5.80539106076357,-7.26503774773574,-4.68188806844844,-1.33060389308882,2.51624805037215,-5.50365196972701,..,..
Colombia,COL,Time required to start a business (days),IC.REG.DURS,..,..,41,40,34,18,10,10,11,11,11,11
Colombia,COL,Domestic credit provided by financial sector (% of GDP),FS.AST.DOMS.GD.ZS,36.4464382803307,30.3835842825048,51.6835328571209,52.5695637480372,55.476518489132,62.0072423529404,65.9885572633336,65.1436763993678,69.5747085558556,69.842411865536,71.0590212263501,..
Colombia,COL,Tax revenue (% of GDP),GC.TAX.TOTL.GD.ZS,..,11.2197546517304,..,..,12.9356108850604,12.5980428348846,12.1229135599386,14.5554015018671,13.2721331875226,13.3548701029808,..,..
Colombia,COL,Military expenditure (% of GDP),MS.MIL.XPND.GD.ZS,2.20979485886035,3.03168353865852,3.27613063886762,3.26673966297973,3.70974427551673,3.86329454054022,3.63114856383642,3.07278341135743,3.16677706852945,3.28993589644312,3.1360096911732,..
Colombia,COL,Mobile cellular subscriptions (per 100 people),IT.CEL.SETS.P2,0,5.65642865564335,67.8872831756854,76.2749348909028,91.6101235892505,92.0464098066481,95.7645525770184,98.1342533172899,102.85493838968,104.084543899334,113.081145429323,..
Colombia,COL,Internet users (per 100 people),IT.NET.USER.P2,0,2.207532992624,15.3416745365682,21.8,25.6,30,36.5,40.3509157546318,48.98,51.7,52.57,..
Colombia,COL,High-technology exports (% of manufactured exports),TX.VAL.TECH.MF.ZS,..,7.74042072884859,4.07588776257187,2.90919707802874,3.72376287727985,5.22002165915271,5.05631980898406,4.32738499185479,5.18998657395802,7.39397658376378,7.71173024339459,..
Colombia,COL,Overall level of statistical capacity (scale 0 - 100),IQ.SCI.OVRL,..,..,75.5555555555556,85.5555555555556,82.2222222222222,85.5555555555556,84.4444444444444,84.4444444444444,84.4444444444444,81.1111111111111,81.1111111111111,84.4444333333333
Colombia,COL,Merchandise trade (% of GDP),TG.VAL.TOTL.GD.ZS,30.6796872196045,24.6069097536262,31.0923830341,30.3198909558424,31.6804429345519,28.1200018146114,27.9420943977857,33.1372944666592,32.2385290792959,31.1013516490484,31.4565390568526,..
Colombia,COL,Net barter terms of trade index (2000 = 100),TT.PRI.MRCH.XD.WD,81.25,100,117.6054620895,129.5018097363,137.4537107132,130.9083777825,149.4330043196,167.7031417803,167.7030685866,161.1432537285,145.9209946334,..
Colombia,COL,"External debt stocks, total (DOD, current US$)",DT.DOD.DECT.CD,17404181000,33231065000,37636042000,43421210000,46270701000,53054461000,63819389000,73582484000,76557950000,89264623000,102345118000,..
Colombia,COL,"Total debt service (% of exports of goods, services and primary income)",DT.TDS.DECT.EX.ZS,43.326301794815,29.7961326495259,33.3358608479135,23.0583476125427,17.1885849354632,21.6040676254109,20.2665308020982,15.1266542343293,21.1788325336783,14.0177911545277,19.4710909873342,..
Colombia,COL,Net migration,SM.POP.NETM,..,..,..,-143000,..,..,..,..,-144998,..,..,..
Colombia,COL,"Personal remittances, received (current US$)",BX.TRF.PWKR.CD.DT,495000000,1610122925,3899159914.34258,4460194476.64541,4826851232.37512,4124862554.30564,4030846325.68114,4101315891.06111,4018674668.2006,4449831680.49205,4165731073.41833,..
Colombia,COL,"Foreign direct investment, net inflows (BoP, current US$)",BX.KLT.DINV.CD.WD,500000000,2436459923.42856,6750618034.74878,8885767539.67293,10564672090.7627,8034594779.63952,6429943091.26011,14647755353.7554,15039372277.4535,16208664127.1613,16151013401.8753,..
Colombia,COL,Net official development assistance and official aid received (current US$),DT.ODA.ALLD.CD,88540000,185940000,1005240000,722780000,972010000,1059450000,674700000,1013780000,762970000,854090000,1221310000,..
Mexico,MEX,"Population, total",SP.POP.TOTL,85609404,102808590,111382857,113139374,114972821,116815612,118617542,120365271,122070963,123740109,125385833,127017000
Mexico,MEX,Population growth (annual %),SP.POP.GROW,2.01499408085036,1.51125629236518,1.47874567106962,1.56470281743933,1.60753043686233,1.59009645450786,1.53076587183814,1.46266598582924,1.4071495144712,1.35809314149312,1.32121763533464,..
Mexico,MEX,Surface area (sq. km),AG.SRF.TOTL.K2,1964380,1964380,1964380,1964380,1964380,1964380,1964380,1964380,1964380,1964380,1964380,1964380
Mexico,MEX,Population density (people per sq. km of land area),EN.POP.DNST,44.0388919468093,52.8864374083696,57.2971820262867,58.2007633941202,59.1439188250727,60.0918809640166,61.0188235294118,61.9178842048407,62.7953203528897,63.6539566346871,64.5005442526814,..
Mexico,MEX,Poverty headcount ratio at national poverty lines (% of population),SI.POV.NAHC,..,..,..,..,49,..,52,..,51.6,..,53.2,..
Mexico,MEX,Poverty headcount ratio at $1.90 a day (2011 PPP) (% of population),SI.POV.DDAY,..,11,3.29,..,3.8,..,3.8,..,2.68,..,..,..
Mexico,MEX,"GNI, Atlas method (current US$)",NY.GNP.ATLS.CD,235630770919.53,591218052474.576,921879304539.138,1000699963298.06,1074555372816.24,988663189006.959,1026315542981.48,1068139659254.1,1167292090151.23,1202799799861.86,1237532849257.27,..
Mexico,MEX,"GNI per capita, Atlas method (current US$)",NY.GNP.PCAP.CD,2750,5750,8280,8840,9350,8460,8650,8870,9560,9720,9870,..
Mexico,MEX,"GNI, PPP (current international $)",NY.GNP.MKTP.PP.CD,498385724518.97,1037531569720.05,1432295322504.92,1516235880877.06,1611371990239.82,1597655996481.26,1710131674799.62,1859263501052.32,1941681912726.62,1939752598506.71,2111206363245.18,..
Mexico,MEX,"GNI per capita, PPP (current international $)",NY.GNP.PCAP.PP.CD,5820,10090,12860,13400,14020,13680,14420,15450,15910,15680,16840,..
Mexico,MEX,Income share held by lowest 20%,SI.DST.FRST.20,..,3.89,4.72,..,4.76,..,4.72,..,4.86,..,..,..
Mexico,MEX,"Life expectancy at birth, total (years)",SP.DYN.LE00.IN,70.7957317073171,74.2997317073171,75.4387804878049,75.5879268292683,75.7324634146342,75.8774146341463,76.0267804878049,76.1856585365854,76.3540975609756,76.5326585365854,76.7218536585366,76.9206829268293
Mexico,MEX,"Fertility rate, total (births per woman)",SP.DYN.TFRT.IN,3.478,2.747,2.483,2.447,2.415,2.385,2.356,2.328,2.3,2.272,2.243,2.213
Mexico,MEX,"Adolescent fertility rate (births per 1,000 women ages 15-19)",SP.ADO.TFRT,83.3132,79.6914,72.2838,71.174,70.1332,69.0924,68.0516,67.0108,65.97,64.7146,63.4592,..
Mexico,MEX,"Contraceptive prevalence, any methods (% of women ages 15-49)",SP.DYN.CONU.ZS,..,70,70.9,..,..,72.5,..,..,..,..,..,..
Mexico,MEX,Births attended by skilled health staff (% of total),SH.STA.BRTC.ZS,83.8,..,93.4,93.7,..,95.3,94.08,..,96,..,..,..
Mexico,MEX,"Mortality rate, under-5 (per 1,000)",SH.DYN.MORT,46.6,25.6,18.9,18.4,17.9,17.4,16.8,16,15.3,14.5,13.8,13.2
Mexico,MEX,"Prevalence of underweight, weight for age (% of children under 5)",SH.STA.MALN.ZS,..,..,3.40000009536743,..,..,..,..,..,2.79999995231628,..,..,..
Mexico,MEX,"Immunization, measles (% of children ages 12-23 months)",SH.IMM.MEAS,75,96,96,96,96,96,95,98,99,89,97,..
Mexico,MEX,"Primary completion rate, both sexes (%)",SE.PRM.CMPT.ZS,86.66276,95.0646,97.11737,97.02297,95.40584,92.98161,92.57442,92.60792,98.85065,102.82186,..,..
Mexico,MEX,"Gross enrollment ratio, primary, both sexes (%)",SE.PRM.ENRR,110.74988,106.2462,101.7455,101.63245,101.85312,102.90728,103.40654,104.03604,104.65144,104.32491,..,..
Mexico,MEX,"Gross enrolment ratio, secondary, both sexes (%)",SE.SEC.ENRR,52.67737,69.91109,80.90894,81.81571,83.25813,82.57072,83.18589,83.52263,85.09176,87.03738,..,..
Mexico,MEX,"Gross enrolment ratio, primary and secondary, gender parity index (GPI)",SE.ENR.PRSC.FM.ZS,0.96801,0.99969,1.02902,1.03028,1.03239,1.0339,1.03189,1.02977,1.02916,1.02584,..,..
Mexico,MEX,"Prevalence of HIV, total (% of population ages 15-49)",SH.DYN.AIDS.ZS,0.7,0.5,0.3,0.3,0.3,0.3,0.3,0.3,0.2,0.2,0.2,..
Mexico,MEX,Forest area (sq. km),AG.LND.FRST.K2,697600,678560,669660,668490,667320,666150,664980,664064,663148,662232,661316,660400
Mexico,MEX,Terrestrial and marine protected areas (% of total territorial area),ER.PTD.TOTL.ZS,1,3.62,..,..,..,..,..,..,..,..,6.02,..
Mexico,MEX,"Annual freshwater withdrawals, total (% of internal resources)",ER.H2O.FWTL.ZS,..,..,..,19.3031784841076,..,..,..,..,19.6332518337408,..,19.6332518337408,..
Mexico,MEX,Improved water source (% of population with access),SH.H2O.SAFE.ZS,82.3,88.6,92,92.5,93,93.6,94.1,94.6,95.1,95.6,96.1,96.1
Mexico,MEX,Improved sanitation facilities (% of population with access),SH.STA.ACSN,66.2,74.7,79.4,80.1,80.9,81.6,82.3,83,83.7,84.4,85.1,85.2
Mexico,MEX,Urban population growth (annual %),SP.URB.GROW,2.6653907358875,1.88802676661471,1.88286654949904,1.96329640396283,2.0019510448594,1.97781011976104,1.91441062437674,1.838444398731,1.7764204863226,1.71965106884962,1.67640822347046,..
Mexico,MEX,Energy use (kg of oil equivalent per capita),EG.USE.PCAP.KG.OE,1430.93850997958,1408.55529678989,1534.152863398,1551.28978351957,1572.87888935073,1500.42484047423,1486.02715102628,1525.35269911867,1545.49833444011,1545.77545264648,1510.11919344987,..
Mexico,MEX,CO2 emissions (metric tons per capita),EN.ATM.CO2E.PC,3.67122326888294,3.72058829909057,3.99784272008753,4.05576203736111,4.12698810791117,3.85714959914776,3.75209081638195,3.87610761080744,..,..,..,..
Mexico,MEX,Electric power consumption (kWh per capita),EG.USE.ELEC.KH.PC,1161.9751493656,1717.44403847966,1877.5600270336,1905.74680040213,1908.34666916627,1863.53515829716,1903.9848254485,2074.24448867813,2037.24123975331,2056.96440755519,..,..
Mexico,MEX,GDP at market prices (current US$),NY.GDP.MKTP.CD,262709785592.711,683647980782.407,965281191371.844,1043124412346.04,1101275294482.33,893368974136.974,1049925441358.02,1169362160456.56,1184499844413.23,1258773797056.06,1294689733233.03,..
Mexico,MEX,GDP growth (annual %),NY.GDP.MKTP.KD.ZG,5.06830631231927,5.29647383846377,4.94451434826912,3.22483781990499,1.37994316666324,-4.74367193631288,5.1991248920523,3.9195839325612,4.03888599848953,1.39489958858312,2.23079466200883,..
Mexico,MEX,"Inflation, GDP deflator (annual %)",NY.GDP.DEFL.KD.ZG,28.1304929098677,10.8175392546191,6.18290931296303,4.96682687370824,6.05778857742439,3.40118614565985,4.46173575468363,5.37086205965112,3.210193486786,1.6450420131286,4.70900497019117,..
Mexico,MEX,"Agriculture, value added (% of GDP)",NV.AGR.TOTL.ZS,7.84787690861645,3.53531324882053,3.19520469176241,3.28662527644412,3.29099253404323,3.34543380796016,3.34491959834003,3.19588159540356,3.3450752909007,3.2791457635693,3.29938583564899,..
Mexico,MEX,"Industry, value added (% of GDP)",NV.IND.TOTL.ZS,28.418501909662,34.8580098567041,36.4292126589945,36.1124583571728,36.5558510293067,34.3528158216817,35.1282666768422,36.3808983444265,36.4167982709945,34.4832136247981,34.381469522034,..
Mexico,MEX,"Services, etc., value added (% of GDP)",NV.SRV.TETC.ZS,63.7336211817215,61.6066768944753,60.3755826492431,60.6009163663831,60.1531564366501,62.3017503703581,61.5268137248178,60.4232200601699,60.2381264381048,62.2376406116325,62.319144642317,..
Mexico,MEX,Exports of goods and services (% of GDP),NE.EXP.GNFS.ZS,18.6007926706848,26.2767044118625,27.6010925789207,27.7498108216581,27.8981782292643,27.3286714477325,29.9058822879105,31.3131366164732,32.7027903725844,31.8566781299258,32.3924664278726,..
Mexico,MEX,Imports of goods and services (% of GDP),NE.IMP.GNFS.ZS,19.7053901044648,26.8543468507975,28.8540030486397,29.3339188907359,30.1729079405125,28.8052105762248,31.1104941823144,32.5629378078399,33.8231787634903,32.7459499586175,33.4647512076985,..
Mexico,MEX,Gross capital formation (% of GDP),NE.GDI.TOTL.ZS,23.1416152169065,22.5054710859179,23.5074796850663,23.3997389133333,24.4362960276695,22.9473710627499,22.0812356637866,22.2947628395502,23.0918835312543,21.718697038432,21.5976668557804,..
Mexico,MEX,"Revenue, excluding grants (% of GDP)",GC.REV.XGRT.GD.ZS,15.3302721347895,12.5399468901645,..,..,..,..,..,..,..,..,..,..
Mexico,MEX,Cash surplus/deficit (% of GDP),GC.BAL.CASH.GD.ZS,-2.54514321577446,-0.995374334090873,..,..,..,..,..,..,..,..,..,..
Mexico,MEX,Time required to start a business (days),IC.REG.DURS,..,..,..,..,..,..,..,..,..,6.3,6.3,6.3
Mexico,MEX,Domestic credit provided by financial sector (% of GDP),FS.AST.DOMS.GD.ZS,37.344962464321,29.0003556435384,34.3998606297874,36.9538318677304,37.0154074002382,43.1715993953228,44.4593263123778,44.9348073874062,46.7354489850084,49.6040445240444,50.1846544189648,..
Mexico,MEX,Tax revenue (% of GDP),GC.TAX.TOTL.GD.ZS,11.7826894954672,9.91254786267169,..,..,..,..,..,..,..,..,..,..
Mexico,MEX,Military expenditure (% of GDP),MS.MIL.XPND.GD.ZS,0.505212146362122,0.486084985792046,0.422933908221671,0.458222969184953,0.44854052057948,0.543506098385099,0.561677834275936,0.55341182212856,0.589174979789973,0.622638757489717,0.669147316441228,..
Mexico,MEX,Mobile cellular subscriptions (per 100 people),IT.CEL.SETS.P2,0.0742660606542486,13.5528941437453,49.408753526036,58.6272950897596,65.4994811210096,71.4581751168363,77.5182632596037,79.2411829391876,83.3507082650968,87.260629132271,82.2200092302685,..
Mexico,MEX,Internet users (per 100 people),IT.NET.USER.P2,0,5.08138415338066,19.52,20.81,21.71,26.34,31.05,37.1762954125184,39.75,43.46,44.39,..
Mexico,MEX,High-technology exports (% of manufactured exports),TX.VAL.TECH.MF.ZS,8.42932232240897,22.4513507735298,18.9814078547771,17.177060002047,15.7292335314881,18.1761874996013,16.9378093587142,16.5098163124355,16.3350661941771,15.9247617560815,15.9921956045596,..
Mexico,MEX,Overall level of statistical capacity (scale 0 - 100),IQ.SCI.OVRL,..,..,68.8888888888889,70,76.6666666666667,80,85.5555555555555,88.8888888888889,87.7777777777778,87.7777777777778,85.5555555555555,92.2222333333333
Mexico,MEX,Merchandise trade (% of GDP),TG.VAL.TOTL.GD.ZS,32.0730344360411,50.5861543837532,53.1903640710445,53.8830504154228,55.351149894499,52.7472275892749,57.9574620282487,60.7713266284024,63.4123954969438,61.2442220201114,62.492721324019,..
Mexico,MEX,Net barter terms of trade index (2000 = 100),TT.PRI.MRCH.XD.WD,102.1505376344,100,106.4071233009,106.4071621689,98.8198565179,97.0737366147,99.0372548335,99.5567147841,97.5656158002,99.6647408174,97.1731431951,..
Mexico,MEX,"External debt stocks, total (DOD, current US$)",DT.DOD.DECT.CD,104604453000,152260437000,170608370000,196080703000,197671890000,193342946000,245906481000,291833290000,348945146000,406042143000,432602236000,..
Mexico,MEX,"Total debt service (% of exports of goods, services and primary income)",DT.TDS.DECT.EX.ZS,21.7671723184454,31.5813225454244,20.0978940393863,12.7981663027907,11.1140229525793,12.6365496543052,10.0771442744221,11.20718834954,17.6742905505237,10.0964214190052,12.2091634989065,..
Mexico,MEX,Net migration,SM.POP.NETM,..,..,..,-409596,..,..,..,..,-523585,..,..,..
Mexico,MEX,"Personal remittances, received (current US$)",BX.TRF.PWKR.CD.DT,3098000000,7524542969,26542811528,26879863160,26041489182,22075734995,22080259157,23588480056,23365990957,23432844108,24462290757,..
Mexico,MEX,"Foreign direct investment, net inflows (BoP, current US$)",BX.KLT.DINV.CD.WD,2549000000,18110008381,20900571420,32320063590,28793309430,17756282520,26168229630,23328272040,19491663030,44885843190,24154173750,..
Mexico,MEX,Net official development assistance and official aid received (current US$),DT.ODA.ALLD.CD,156250000,-57780000,269810000,113390000,149140000,184460000,470480000,970230000,416730000,561460000,806700000,..
Chile,CHL,"Population, total",SP.POP.TOTL,13141202,15170387,16279728,16462701,16645940,16829957,17015048,17201305,17388437,17575833,17762647,17948000
Chile,CHL,Population growth (annual %),SP.POP.GROW,1.63190046439261,1.25970165983212,1.13143848779073,1.11766237439486,1.10690662858035,1.09941103902074,1.09376757510763,1.08871240451405,1.08201920515786,1.07193883582197,1.05729358069562,..
Chile,CHL,Surface area (sq. km),AG.SRF.TOTL.K2,756096,756096,756096,756096,756096,756096,756096,756096,756096,756096,756096,756096
Chile,CHL,Population density (people per sq. km of land area),EN.POP.DNST,17.6740234448551,20.4031393403377,21.8951275802521,22.1412138280531,22.3876578277734,22.6351481846107,22.8840829984453,23.1345860030234,23.3862658231253,23.6383007052824,23.8895528369996,..
Chile,CHL,Poverty headcount ratio at national poverty lines (% of population),SI.POV.NAHC,38.6,20.2,29.1,..,..,25.3,..,22.2,..,14.4,..,..
Chile,CHL,Poverty headcount ratio at $1.90 a day (2011 PPP) (% of population),SI.POV.DDAY,7.92,3.11,1.66,..,..,1.72,..,1.3,..,0.92,..,..
Chile,CHL,"GNI, Atlas method (current US$)",NY.GNP.ATLS.CD,29642336645.9799,76111106953.9756,119839779391.386,143918867989.17,168719565559.68,168792655170.854,183808124731.622,212408671439.683,249450038831.934,268328882345.452,264761179689.965,..
Chile,CHL,"GNI per capita, Atlas method (current US$)",NY.GNP.PCAP.CD,2260,5020,7360,8740,10140,10030,10800,12350,14350,15270,14910,..
Chile,CHL,"GNI, PPP (current international $)",NY.GNP.MKTP.PP.CD,54687246719.8988,143991504029.731,224270577919.268,247342933155.239,253950854317.109,255412931278.734,289631498553.574,329267367097.683,355789073562.465,361702993075.826,378654262431.525,..
Chile,CHL,"GNI per capita, PPP (current international $)",NY.GNP.PCAP.PP.CD,4160,9490,13780,15020,15260,15180,17020,19140,20460,20580,21320,..
Chile,CHL,Income share held by lowest 20%,SI.DST.FRST.20,3.36,3.68,4.24,..,..,4.3,..,4.52,..,4.63,..,..
Chile,CHL,"Life expectancy at birth, total (years)",SP.DYN.LE00.IN,72.6787804878049,76.8208292682927,78.9791707317073,79.3135365853659,79.6409024390244,79.9608048780488,80.2758048780488,80.5869756097561,80.8948536585366,81.1979268292683,81.4961951219512,81.7875609756098
Chile,CHL,"Fertility rate, total (births per woman)",SP.DYN.TFRT.IN,2.501,2.073,1.91,1.887,1.865,1.844,1.824,1.806,1.789,1.774,1.761,1.749
Chile,CHL,"Adolescent fertility rate (births per 1,000 women ages 15-19)",SP.ADO.TFRT,64.4216,57.0052,53.0388,52.685,52.012,51.339,50.666,49.993,49.32,48.7144,48.1088,..
Chile,CHL,"Contraceptive prevalence, any methods (% of women ages 15-49)",SP.DYN.CONU.ZS,56,..,64.2,..,..,..,..,..,..,..,..,..
Chile,CHL,Births attended by skilled health staff (% of total),SH.STA.BRTC.ZS,..,..,99.8,99.7,99.85,99.8,99.83,99.85,99.83,..,..,..
Chile,CHL,"Mortality rate, under-5 (per 1,000)",SH.DYN.MORT,19.1,10.9,9,8.9,8.9,8.8,8.8,8.7,8.6,8.4,8.3,8.1
Chile,CHL,"Prevalence of underweight, weight for age (% of children under 5)",SH.STA.MALN.ZS,..,..,0.600000023841858,0.600000023841858,0.5,..,..,..,..,0.5,0.5,..
Chile,CHL,"Immunization, measles (% of children ages 12-23 months)",SH.IMM.MEAS,97,97,91,92,96,93,93,91,90,90,94,..
Chile,CHL,"Primary completion rate, both sexes (%)",SE.PRM.CMPT.ZS,..,..,..,..,..,..,..,95.823,97.79994,96.6214,..,..
Chile,CHL,"Gross enrollment ratio, primary, both sexes (%)",SE.PRM.ENRR,107.39701,108.93113,108.99105,109.12132,108.75788,106.75618,103.28513,102.19705,101.7256,100.18808,..,..
Chile,CHL,"Gross enrolment ratio, secondary, both sexes (%)",SE.SEC.ENRR,77.19227,87.10048,98.33355,97.66158,97.04611,94.21283,94.57371,93.78813,91.46589,100.45767,..,..
Chile,CHL,"Gross enrolment ratio, primary and secondary, gender parity index (GPI)",SE.ENR.PRSC.FM.ZS,0.99847,0.98277,0.98072,0.98227,0.98234,0.98597,0.99811,0.99845,1.002,0.99206,..,..
Chile,CHL,"Prevalence of HIV, total (% of population ages 15-49)",SH.DYN.AIDS.ZS,0.2,0.2,0.2,0.2,0.3,0.3,0.3,0.3,0.3,0.3,0.3,..
Chile,CHL,Forest area (sq. km),AG.LND.FRST.K2,152630,158340,160798,161176,161554,161932,162310,165318,168326,171334,174342,177350
Chile,CHL,Terrestrial and marine protected areas (% of total territorial area),ER.PTD.TOTL.ZS,3,3.17,..,..,..,..,..,..,..,..,6.85,..
Chile,CHL,"Annual freshwater withdrawals, total (% of internal resources)",ER.H2O.FWTL.ZS,..,..,..,4.00338983050847,..,..,..,..,..,..,4.00338983050847,..
Chile,CHL,Improved water source (% of population with access),SH.H2O.SAFE.ZS,90.4,94.9,97,97.3,97.6,97.9,98.2,98.5,98.7,99,99,99
Chile,CHL,Improved sanitation facilities (% of population with access),SH.STA.ACSN,84.8,91.7,95.4,96,96.6,97.1,97.7,98.3,98.8,99,99,99.1
Chile,CHL,Urban population growth (annual %),SP.URB.GROW,1.78573333680562,1.60301773230447,1.41236884033568,1.38756562025279,1.36701489055955,1.34866000770698,1.33223886993469,1.31873704776649,1.30252251334412,1.284103149595,1.26006097657966,..
Chile,CHL,Energy use (kg of oil equivalent per capita),EG.USE.PCAP.KG.OE,1066.06343925008,1659.00546901012,1813.51285476023,1860.10017432741,1822.00350355702,1754.16966305975,1812.96144448138,1953.89716070961,2139.76397073527,2201.17561426534,2186.63682276634,..
Chile,CHL,CO2 emissions (metric tons per capita),EN.ATM.CO2E.PC,2.53513301142468,3.87696193907248,3.98128426961433,4.35156491027809,4.31643980454093,3.96943414650436,4.24672531044285,4.61644538016156,..,..,..,..
Chile,CHL,Electric power consumption (kWh per capita),EG.USE.ELEC.KH.PC,1250.19005110796,2527.62174096152,3237.21624833044,3353.15571849358,3350.7870387614,3307.55449939652,3316.18224056729,3590.30899109108,3810.11818371024,3878.90576793714,..,..
Chile,CHL,GDP at market prices (current US$),NY.GDP.MKTP.CD,31558927517.2188,79328640263.7676,154671012210.645,173081277147.793,179626674542.474,171956955710.4,217538271334.738,250832362663.665,265231582107.399,276673695234.341,258061522886.53,..
Chile,CHL,GDP growth (annual %),NY.GDP.MKTP.KD.ZG,3.69757990056078,4.49579299699077,4.40497269031522,5.16082559987021,3.2924548973333,-1.03643177886241,5.75370890317419,5.83964058455817,5.45713061747384,4.22619062451575,1.89404902379226,..
Chile,CHL,"Inflation, GDP deflator (annual %)",NY.GDP.DEFL.KD.ZG,22.459259271232,10.2782214314727,12.8096749084972,4.84375360745979,0.473025338362703,3.84224892814147,8.8299074853301,3.26760691304784,0.850030552878465,1.89505575915435,5.41491792420898,..
Chile,CHL,"Agriculture, value added (% of GDP)",NV.AGR.TOTL.ZS,8.70856391050175,5.8950675399055,3.86773846380147,3.69240364224822,3.62911895641001,3.56594207183119,3.46435959682395,3.58329340133538,3.2128215701823,3.23250885208692,3.33539753997299,..
Chile,CHL,"Industry, value added (% of GDP)",NV.IND.TOTL.ZS,41.4629626518085,32.1697862644897,44.9053829936999,43.6950186724247,38.4933545720707,38.0232534850595,39.5500442100161,38.7190646563805,36.6388438572339,35.0971833450353,35.1401903355931,..
Chile,CHL,"Services, etc., value added (% of GDP)",NV.SRV.TETC.ZS,49.8284734376898,61.9351461958534,51.2268785424987,52.6125776853271,57.8775264715192,58.4108044431093,56.9855961931596,57.6976419422845,60.1483345725839,61.6703078028778,61.5244121244337,..
Chile,CHL,Exports of goods and services (% of GDP),NE.EXP.GNFS.ZS,33.9860347564937,29.2871513812339,42.4338299506825,43.826959871433,41.5066849712754,37.1709111561592,38.0598806017891,38.0506221825305,34.3071732139448,32.4069826846002,33.7777463387133,..
Chile,CHL,Imports of goods and services (% of GDP),NE.IMP.GNFS.ZS,30.5496690661927,28.5780463264218,29.510923887342,31.9609128526141,39.5346962914934,29.5975385667694,31.6694177811899,34.8965777769276,34.5055491657134,33.0632112552746,32.2944091722695,..
Chile,CHL,Gross capital formation (% of GDP),NE.GDI.TOTL.ZS,25.1826353257744,22.739390176288,21.1116858600761,21.2264146326837,25.9590701833403,20.2833376800998,22.2861684032089,23.7263085547641,25.5329592097327,24.2937274212523,21.4117105617962,..
Chile,CHL,"Revenue, excluding grants (% of GDP)",GC.REV.XGRT.GD.ZS,19.7776691371112,20.5028816170153,24.4592134542478,26.024597685407,24.5064482543592,19.0549399292561,21.5072048825267,22.6963723231728,22.2669272987854,21.0429934500947,..,..
Chile,CHL,Cash surplus/deficit (% of GDP),GC.BAL.CASH.GD.ZS,0.341498261925896,-1.44862984429031,6.67656807794946,7.69459552752298,3.82126888443436,-4.92154862118402,-0.424083875475486,1.2922637267087,0.545375912806159,-0.60661619127646,..,..
Chile,CHL,Time required to start a business (days),IC.REG.DURS,..,..,40,40,40,40,34.5,7.5,5.5,5.5,5.5,5.5
Chile,CHL,Domestic credit provided by financial sector (% of GDP),FS.AST.DOMS.GD.ZS,70.1839692040909,69.9424858647786,78.7203957615014,85.2637614376568,102.709695009317,105.734467107058,104.775700615379,109.244144176182,113.118638237178,115.639170239048,120.283323926972,..
Chile,CHL,Tax revenue (% of GDP),GC.TAX.TOTL.GD.ZS,13.9630616105456,15.8538415716319,19.506652486752,20.3183418501353,18.7130907072748,14.5596275680578,17.4362429677872,18.9657265851057,19.1302742542187,17.4944740933725,..,..
Chile,CHL,Military expenditure (% of GDP),MS.MIL.XPND.GD.ZS,3.26844355678575,2.6520545464203,2.41166070382135,2.28688278866468,2.53068975435081,2.18676664875089,2.16371847084456,2.16881938119544,2.06467529405516,2.04910883120159,1.9868909799404,..
Chile,CHL,Mobile cellular subscriptions (per 100 people),IT.CEL.SETS.P2,0.105350944041629,22.0100719523149,75.438688650934,83.7200337011002,87.9117773295093,96.8131200774212,115.751383612155,128.926907315612,137.081179335778,134.289052917336,133.255628761386,..
Chile,CHL,Internet users (per 100 people),IT.NET.USER.P2,0,16.6,34.4977511736017,35.9,37.3,41.56,45,52.2496072877744,61.4181545577569,66.5,72.35,..
Chile,CHL,High-technology exports (% of manufactured exports),TX.VAL.TECH.MF.ZS,4.68224730153397,3.4060503125051,6.3895548877018,6.78504250310279,5.88439418459887,5.37251414233745,5.49388181793753,4.60465538424609,4.64298399431696,4.91249098398581,6.1748288036202,5.89868124887793
Chile,CHL,Overall level of statistical capacity (scale 0 - 100),IQ.SCI.OVRL,..,..,91.1111111111111,94.4444444444445,92.2222222222222,92.2222222222222,94.4444444444444,94.4444444444444,94.4444444444444,95.5555555555556,95.5555555555556,95.5555666666667
Chile,CHL,Merchandise trade (% of GDP),TG.VAL.TOTL.GD.ZS,51.0600367873975,47.5452495776948,62.7694864166137,66.5210182737943,70.8678396036516,57.1469840193598,59.9048491653411,62.2458494573744,59.5193171649057,56.2849074788129,57.2863024399034,..
Chile,CHL,Net barter terms of trade index (2000 = 100),TT.PRI.MRCH.XD.WD,113.7254901961,100,162.049159819,161.6898695188,131.4116288323,125.9302048472,157.2481924631,152.1446838126,142.1501656429,136.6481602998,135.4507673671,..
Chile,CHL,"External debt stocks, total (DOD, current US$)",DT.DOD.DECT.CD,..,..,..,..,..,..,..,..,..,..,..,..
Chile,CHL,"Total debt service (% of exports of goods, services and primary income)",DT.TDS.DECT.EX.ZS,..,..,..,..,..,..,..,..,..,..,..,..
Chile,CHL,Net migration,SM.POP.NETM,..,..,..,139345,..,..,..,..,201289,..,..,..
Chile,CHL,"Personal remittances, received (current US$)",BX.TRF.PWKR.CD.DT,400000.006,13300000.19,2500000,2500000,2500000,4400000,..,..,170264684.500029,136789078.10003,136351353.000031,..
Chile,CHL,"Foreign direct investment, net inflows (BoP, current US$)",BX.KLT.DINV.CD.WD,661200000,4860015667.52,7298382454,12533639353.3183,15149843108.9473,12887480298.5137,15725203485.8143,23443915104.327,28457041224.5296,19263785706.4371,22001682014.091,..
Chile,CHL,Net official development assistance and official aid received (current US$),DT.ODA.ALLD.CD,103540000,48880000,101390000,104900000,107850000,78720000,197380000,164290000,124980000,79140000,240560000,..
,,,,,,,,,,,,,,,
,,,,,,,,,,,,,,,
,,,,,,,,,,,,,,,
Data from database: World Development Indicators,,,,,,,,,,,,,,,
Last Updated: 06/14/2016,,,,,,,,,,,,,,,
